code;isin;libelle;emetteur;categorie;nominal;taux_facial;jouissance;echeance;periodicite;amortissement;spread_bps
201848;MA0002018481;BDT 20072024 3 25 2 ans;TRESOR;BDT;100000;0.0325;2024-04-08;2026-07-20;1;In fine;0
201906;MA0002019067;BDT 17082025 2 10 52 semaines;TRESOR;BDT;100000;0.021;2025-06-16;2026-08-17;1;In fine;0
201853;MA0002018531;BDT 14092024 3 25 2 ans;TRESOR;BDT;100000;0.0325;2024-05-27;2026-09-14;1;In fine;0
201657;MA0002016576;BDT DU 19102021 2 00 A 5 ans;TRESOR;BDT;100000;0.02;2021-06-14;2026-10-19;1;In fine;0
201868;MA0002018689;BDT 12082024 2 85 a 2 ans;TRESOR;BDT;100000;0.0285;2024-08-12;2026-11-16;1;In fine;0
201940;MA0002019406;BDT 16022026 2 40 52 semaines;TRESOR;BDT;100000;0.024;2026-02-16;2027-02-15;1;In fine;0
201882;MA0002018820;BDT 15032025 2 65 2 ans;TRESOR;BDT;100000;0.0265;2025-01-06;2027-03-15;1;In fine;0
201093;MA0002010934;BDT 190412 4 40;TRESOR;BDT;100000;0.044;2012-04-19;2027-04-19;1;In fine;0
201671;MA0002016717;BDT du 17052022 a 2 00 5 ans;TRESOR;BDT;100000;0.02;2021-11-15;2027-05-17;1;In fine;0
201465;MA0002014654;BDT 14062017 3 20  10 ans;TRESOR;BDT;100000;0.032;2016-09-05;2027-06-14;1;In fine;0
201892;MA0002018929;BDT 19072025 2 65 2 ans;TRESOR;BDT;100000;0.0265;2025-02-24;2027-07-19;1;In fine;0
201918;MA0002019182;BDT 16082025 2 25 2 ans;TRESOR;BDT;100000;0.0225;2025-08-04;2027-08-16;1;In fine;0
201913;MA0002019133;BDT 20092025 2 20 2 ans;TRESOR;BDT;100000;0.022;2025-06-23;2027-09-20;1;In fine;0
201678;MA0002016782;BDT du 18102022 2 10 a 5 ans;TRESOR;BDT;100000;0.021;2022-02-14;2027-10-18;1;In fine;0
201763;MA0002017632;BDT 28112022 2 90 5 ans;TRESOR;BDT;100000;0.029;2022-11-28;2027-11-28;1;In fine;0
201926;MA0002019265;BDT 170126 2 25 2 ans;TRESOR;BDT;100000;0.0225;2025-09-29;2028-01-17;1;In fine;0
201791;MA0002017913;BDT 170423 3 90 5 ans;TRESOR;BDT;100000;0.039;2023-01-16;2028-04-17;1;In fine;0
201804;MA0002018044;BDT 17042023 3 23 5 ans;TRESOR;BDT;100000;0.0323;2023-02-06;2028-04-17;4;In fine;0
201929;MA0002019299;BDT 15052026 2 40 2 ans;TRESOR;BDT;100000;0.024;2025-11-03;2028-05-15;1;In fine;0
201519;MA0002015198;BDT 19062018 3 30 a 10 ans;TRESOR;BDT;100000;0.033;2018-02-05;2028-06-19;1;In fine;0
201935;MA0002019356;BDT 17072026 2 45 2 ans;TRESOR;BDT;100000;0.0245;2025-12-08;2028-07-17;1;In fine;0
201236;MA0002012369;BDT 140813 5 25;TRESOR;BDT;100000;0.0525;2013-08-14;2028-08-14;1;In fine;0
201939;MA0002019398;BDT 18092026 2 55 2 ans;TRESOR;BDT;100000;0.0255;2026-01-26;2028-09-18;1;In fine;0
201941;MA0002019414;BDT 16102026 2 5 2 ans;TRESOR;BDT;100000;0.025;2026-02-23;2028-10-16;1;In fine;0
201317;MA0002013177;BDT 160414 5 60;TRESOR;BDT;100000;0.056;2014-04-16;2029-04-16;1;In fine;0
201535;MA0002015354;BDT 180619 3 35 a 10 ans;TRESOR;BDT;100000;0.0335;2019-02-04;2029-06-18;1;In fine;0
201331;MA0002013318;BDT 060814 5 45;TRESOR;BDT;100000;0.0545;2014-08-06;2029-08-06;1;In fine;0
201840;MA0002018408;BDT 15102024 3 50 5 ans;TRESOR;BDT;100000;0.035;2024-01-15;2029-10-15;1;In fine;0
201862;MA0002018622;BDT 15072024 3 30 5 ans;TRESOR;BDT;100000;0.033;2024-07-15;2030-04-15;1;In fine;0
200999;MA0002009993;BDT 030510 4 40;TRESOR;BDT;100000;0.044;2010-04-27;2030-05-03;1;In fine;0
201552;MA0002015529;BDT 17062020 2 70 a 10 ans;TRESOR;BDT;100000;0.027;2020-01-06;2030-06-17;1;In fine;0
201379;MA0002013797;BDT 050815 4 00;TRESOR;BDT;100000;0.04;2015-05-18;2030-08-05;1;In fine;0
201889;MA0002018895;BDT 14102025 2 85 5 ans;TRESOR;BDT;100000;0.0285;2025-02-17;2030-10-14;1;In fine;0
201919;MA0002019190;BDT 14042026 2 40 5 ans;TRESOR;BDT;100000;0.024;2025-08-18;2031-04-14;1;In fine;0
201651;MA0002016519;BDT du 16062021 2 30 10 ans;TRESOR;BDT;100000;0.023;2021-05-31;2031-06-16;1;In fine;0
201432;MA0002014324;BDT 18072016 3 20 a 15 ans;TRESOR;BDT;100000;0.032;2016-05-16;2031-07-18;1;In fine;0
201938;MA0002019380;BDT 20102026 2 60 5 ans;TRESOR;BDT;100000;0.026;2026-01-19;2031-10-20;1;In fine;0
201677;MA0002016774;BDT du 14062022 2 40 a 10 ans;TRESOR;BDT;100000;0.024;2022-02-01;2032-06-14;1;In fine;0
201792;MA0002017921;BDT 200623 4 20 10 ans;TRESOR;BDT;100000;0.042;2023-01-16;2033-06-20;1;In fine;0
201516;MA0002015164;BDT 18072018 3 70 a 15 ans;TRESOR;BDT;100000;0.037;2018-01-15;2033-07-18;1;In fine;0
201328;MA0002013284;BDT 310314 5 85;TRESOR;BDT;100000;0.0585;2014-03-31;2034-03-31;1;In fine;0
201821;MA0002018218;BDT 19062024 4 30 10 ans;TRESOR;BDT;100000;0.043;2023-06-27;2034-06-19;1;In fine;0
201536;MA0002015362;BDT 17072019 3 50 15 ans;TRESOR;BDT;100000;0.035;2019-04-15;2034-07-17;1;In fine;0
201837;MA0002018374;BDT 18092024 4 00 10 ans;TRESOR;BDT;100000;0.04;2024-01-02;2034-09-18;1;In fine;0
201344;MA0002013441;BDT 190215 5 65;TRESOR;BDT;100000;0.0565;2015-02-19;2035-02-19;1;In fine;0
201896;MA0002018960;BDT 05052025 2 90 10 ans;TRESOR;BDT;100000;0.029;2025-05-05;2035-05-14;1;In fine;0
201865;MA0002018655;BDT 180625 3 55 10 ans;TRESOR;BDT;100000;0.0355;2024-07-31;2035-06-18;1;In fine;0
201554;MA0002015545;BDT 1607020 3 00 15 ans;TRESOR;BDT;100000;0.03;2020-01-20;2035-07-16;1;In fine;0
201386;MA0002013862;BDT 040216 4 40;TRESOR;BDT;100000;0.044;2015-07-06;2036-02-04;1;In fine;0
201631;MA0002016311;BDT 140721 2 75 15 ans;TRESOR;BDT;100000;0.0275;2021-01-18;2036-07-14;1;In fine;0
201426;MA0002014266;BDT 18082016 3 55 20 ans;TRESOR;BDT;100000;0.0355;2016-05-02;2036-08-18;1;In fine;0
200802;MA0002008029;BDT 041206 4 50;TRESOR;BDT;100000;0.045;2006-11-28;2036-12-04;1;In fine;0
201808;MA0002018085;BDT 19072023 4 90 15 ans;TRESOR;BDT;100000;0.049;2023-03-20;2038-07-19;1;In fine;0
201524;MA0002015248;BDT 1608018 3 95 a 20 ans;TRESOR;BDT;100000;0.0395;2018-04-02;2038-08-16;1;In fine;0
201822;MA0002018226;BDT 14032024 4 75 15 ans;TRESOR;BDT;100000;0.0475;2023-06-27;2039-03-14;1;In fine;0
201841;MA0002018416;BDT 18072024 4 25 15 ans;TRESOR;BDT;100000;0.0425;2024-01-15;2039-07-18;1;In fine;0
201551;MA0002015511;BDT 16042020 3 35 a 20 ans;TRESOR;BDT;100000;0.0335;2020-01-06;2040-04-16;1;In fine;0
201870;MA0002018705;BDT 16072025 3 65 a 15 ans;TRESOR;BDT;100000;0.0365;2024-09-18;2040-07-16;1;In fine;0
201905;MA0002019059;BDT 16072025 3 05 15 ans;TRESOR;BDT;100000;0.0305;2025-06-16;2040-07-16;1;In fine;0
201646;MA0002016469;BDT du 19082021 2 85 20 ans;TRESOR;BDT;100000;0.0285;2021-04-05;2041-08-19;1;In fine;0
201793;MA0002017939;BDT 170823 4 75 20 ans;TRESOR;BDT;100000;0.0475;2023-01-16;2043-08-17;1;In fine;0
201836;MA0002018366;BDT 15082024 4 60 20 ans;TRESOR;BDT;100000;0.046;2024-01-02;2044-08-15;1;In fine;0
201350;MA0002013508;BDT 06022015 5 70;TRESOR;BDT;100000;0.057;2015-02-06;2045-02-06;1;In fine;0
201872;MA0002018721;BDT 14082025 4 00 20 ans;TRESOR;BDT;100000;0.04;2024-09-30;2045-08-14;1;In fine;0
201898;MA0002018986;BDT 21082025 3 40 20 ans;TRESOR;BDT;100000;0.034;2025-06-02;2045-08-21;1;In fine;0
201409;MA0002014092;BDT 190216 4 85 30 ans;TRESOR;BDT;100000;0.0485;2016-01-04;2046-02-19;1;In fine;0
201553;MA0002015537;BDT 14022020 4 00 a 30 ans;TRESOR;BDT;100000;0.04;2020-01-06;2050-02-14;1;In fine;0
201627;MA0002016279;BDT 20022021 3 45 30 ans;TRESOR;BDT;100000;0.0345;2021-01-04;2051-02-20;1;In fine;0
201809;MA0002018093;BDT 16022024 5 50 30 ans;TRESOR;BDT;100000;0.055;2023-03-20;2054-02-16;1;In fine;0
201854;MA0002018549;BDT 15022024 4 90 30 ans;TRESOR;BDT;100000;0.049;2024-06-04;2055-02-15;1;In fine;0
201873;MA0002018739;BDT 19042025 4 50 30 ans;TRESOR;BDT;100000;0.045;2024-09-30;2055-04-19;1;In fine;0
201914;MA0002019141;BDT 14022026 3 80 30 ans;TRESOR;BDT;100000;0.038;2025-07-08;2056-02-14;1;In fine;0
100950;MA0001009507;BSF WAFASALAF 190724 3 26 2 ans;WAFASALAF;TCN;100000;0.0326;2024-07-19;2026-07-19;1;In fine;0
153095;MA0001530957;CD BMCI 22072025 2 35 12 Mois;BMCI;TCN;100000;0.0235;2025-07-21;2026-07-22;1;In fine;0
100952;MA0001009523;BSF SALAFIN 250724 3 23 2 ans;SALAFIN;TCN;100000;0.0323;2024-07-25;2026-07-25;1;In fine;0
009503;MA0000095036;Obl LABEL VIE A 290721 2 38 5 ans;LABEL VIE;Obligation;100000;0.0238;2021-07-29;2026-07-29;1;In fine;0
009504;MA0000095044;Obl LABEL VIE B 290721 2 82 5 ans;LABEL VIE;Obligation;100000;0.0282;2021-07-29;2026-07-29;1;In fine;0
141184;MA0001411844;BT OCP SA 29012026 2 43 26 Semaine;OCP SA;TCN;100000;0.0243;2026-01-29;2026-07-29;2;In fine;0
153096;MA0001530965;CD BMCI 29072025 2 6 12 Mois;BMCI;TCN;100000;0.026;2025-07-29;2026-07-29;1;In fine;0
141185;MA0001411851;BT HYPER LABEL VIE 29012026 2 75;LABEL VIE;TCN;100000;0.0275;2026-01-29;2026-07-30;2;In fine;0
009404;MA0000094047;Obl retail holding 310719 4 22;RETAIL HOLDING;Obligation;100000;0.0422;2019-07-31;2026-07-31;1;Amortissement constant;0
009405;MA0000094054;Obl retail holding 310719 3 52;RETAIL HOLDING;Obligation;100000;0.0352;2019-07-31;2026-07-31;1;Amortissement constant;0
100953;MA0001009531;BSF EQDOM 310724 3 41 2 ans;SEDM;TCN;100000;0.0341;2024-07-31;2026-07-31;1;In fine;0
141177;MA0001411778;BT MANAGEM 31072025 2 58 52 Semaine;MANAGEM;TCN;100000;0.0258;2025-07-31;2026-07-31;1;In fine;0
152983;MA0001529835;CD CAM 310724 3 25 2 ans;CAM E;TCN;100000;0.0325;2024-07-31;2026-07-31;1;In fine;0
153100;MA0001531005;CD CDG CAPITAL E 31072025 2 41 52 S;CDG K E;TCN;100000;0.0241;2025-07-31;2026-07-31;1;In fine;0
153151;MA0001531518;CD CFG BANK 02022026 3 20 6 Mois;CFG BANK;TCN;100000;0.032;2026-02-02;2026-07-31;1;In fine;0
141179;MA0001411794;BT TGCC 04082025 3 09 52 semaines;TGCC;TCN;100000;0.0309;2025-08-04;2026-08-04;1;In fine;0
153103;MA0001531039;CD CFG BANK 13082025 2 5 52 Semaine;CFG BANK;TCN;100000;0.025;2025-08-13;2026-08-12;1;In fine;0
100856;MA0001008566;BSF WAFASALAF 170821 A 2 49 5 ANS;WAFASALAF;TCN;100000;0.0249;2021-08-17;2026-08-17;1;In fine;0
153105;MA0001531054;CD BMCI 28082025 2 35 12 Mois;BMCI;TCN;100000;0.0235;2025-08-28;2026-08-28;1;In fine;0
152991;MA0001529918;CD CFG BANK 30082024 3 00 2 ans;CFG BANK;TCN;100000;0.03;2024-08-30;2026-08-31;1;In fine;0
153108;MA0001531088;CD CDM 29082025 2 45 52 semaines;CDM;TCN;100000;0.0245;2025-08-29;2026-08-31;1;In fine;0
100902;MA0001009028;BSF WAFABAIL 01092023 4 13 3 ans;WAFABAIL;TCN;100000;0.0413;2023-09-01;2026-09-01;1;In fine;0
153106;MA0001531062;CD BMCI 01092025 2 6 12 Mois;BMCI;TCN;100000;0.026;2025-08-29;2026-09-01;1;In fine;0
153154;MA0001531542;CD SAHAM BANK E 27022026 2 49 26 Se;SAHAM BANK E;TCN;100000;0.0249;2026-02-27;2026-09-01;1;In fine;0
153109;MA0001531096;CD CFG BANK 03092025 2 5 52 Semaine;CFG BANK;TCN;100000;0.025;2025-09-03;2026-09-02;1;In fine;0
153110;MA0001531104;CD BMCI 18092025 2 48 52 Semaine;BMCI;TCN;100000;0.0248;2025-09-18;2026-09-03;1;In fine;0
100905;MA0001009051;BSF WAFASALAF 11092023 4 04 3 ans;WAFASALAF;TCN;100000;0.0404;2023-09-11;2026-09-11;1;In fine;0
141187;MA0001411877;BT OCP SA 18032026 2 46 26 Semaines;OCP SA;TCN;100000;0.0246;2026-03-18;2026-09-18;2;In fine;0
009406;MA0000094062;Obl VIVALIS 19092019 3 93 a 7 ans;VIVALIS SALAF;Oblig. subordonnee;100000;0.0393;2019-09-19;2026-09-19;1;In fine;0
152805;MA0001528050;CD CIH 22092023 3 93 3 ans;CIH E;TCN;100000;0.0393;2023-09-22;2026-09-22;1;In fine;0
153112;MA0001531120;CD BMCI 23092025 2 5 12 Mois;BMCI;TCN;100000;0.025;2025-09-23;2026-09-23;1;In fine;0
153114;MA0001531146;CD BMCI 25092025 2 35 12 Mois;BMCI;TCN;100000;0.0235;2025-09-24;2026-09-25;1;In fine;0
100857;MA0001008574;BSF SOGELEASE 28092021 2 66 a 5 ans;SAHAM LEASING;TCN;100000;0.0266;2021-09-28;2026-09-28;1;In fine;0
153003;MA0001530031;CD CFG BANK 27092024 3 10 2 ans;CFG BANK;TCN;100000;0.031;2024-09-27;2026-09-28;1;In fine;0
100957;MA0001009572;BSF EQDOM 30092024 3 25 2 ans;SEDM;TCN;100000;0.0325;2024-09-30;2026-09-30;1;In fine;0
153115;MA0001531153;CD BMCI 30092025 2 6 12 Mois;BMCI;TCN;100000;0.026;2025-09-30;2026-09-30;1;In fine;0
153163;MA0001531633;CD SAHAM BANK E 31032026 2 57 26 Se;SAHAM BANK E;TCN;100000;0.0257;2026-03-31;2026-09-30;2;In fine;0
100959;MA0001009598;BSF WAFASALAF 01102024 3 20 2 ans;WAFASALAF;TCN;100000;0.032;2024-10-01;2026-10-01;1;In fine;0
153146;MA0001531468;CD SAHAM BANK E 31122025 2 54 9 Moi;SAHAM BANK E;TCN;100000;0.0254;2025-12-31;2026-10-01;1;In fine;0
100908;MA0001009085;BSF EQDOM 05102023 4 17 3 ans;SEDM;TCN;100000;0.0417;2023-10-04;2026-10-05;1;In fine;0
153116;MA0001531161;CD BMCI 07102025 3 50 12 Mois;BMCI;TCN;100000;0.035;2025-10-07;2026-10-07;1;In fine;0
002177;MA0000021776;Obl SUB CAM F 12102016 4 43 a 10ans;CAM E;Oblig. subordonnee;100000;0.0443;2016-10-12;2026-10-12;1;In fine;0
009291;MA0000092918;OBL SUB CAM G du 12102016 3 56;CAM E;Oblig. subordonnee;100000;0.0356;2016-10-12;2026-10-12;1;In fine;0
009292;MA0000092926;Obl SUB CAM H du 12102016 4 43;CAM E;Oblig. subordonnee;100000;0.0443;2016-10-12;2026-10-12;1;In fine;0
009293;MA0000092934;Obl FEC du 13102016 2 85 10 ans;FEC;Obligation;100000;0;2016-10-13;2026-10-13;1;In fine;0
153117;MA0001531179;CD CFG BANK 15102025 2 52 52 Semai;CFG BANK;TCN;100000;0.0252;2025-10-15;2026-10-14;1;In fine;0
153119;MA0001531195;CD CAM 17102025 2 41 52 semaines;CAM E;TCN;100000;0.0241;2025-10-17;2026-10-16;1;In fine;0
152435;MA0001524356;CD BOA 18102021 2 48 5 ans;BOA;TCN;100000;0.0248;2021-10-18;2026-10-18;1;In fine;0
002151;MA0000021511;Obl ONCF C du 201011 5 11;ONCF;Obligation;66666.67;0.0511;2011-10-20;2026-10-20;1;In fine;0
009142;MA0000091423;Obl ONCF D du 201011 5 11;ONCF;Obligation;66666.67;0.0511;2011-10-20;2026-10-20;1;In fine;0
100962;MA0001009622;BSF RCI FINANCE 21102024 3 34 2 ans;RCI;TCN;100000;0.0334;2024-10-21;2026-10-21;1;In fine;0
153121;MA0001531211;CD CIH 231022025 2 47 52 semaines;CIH E;TCN;100000;0.0247;2025-10-23;2026-10-22;1;In fine;0
153019;MA0001530197;CD CFG BANK 24102024 2 95 2 ans;CFG BANK;TCN;100000;0.0295;2024-10-24;2026-10-24;1;In fine;0
100865;MA0001008657;BSF MAGHREBAIL 251021 2 68 a 5 ans;MAGHREBAIL;TCN;100000;0.0268;2021-10-25;2026-10-25;1;In fine;0
100866;MA0001008665;BSF MAGHREBAIL 251021 2 49 a 5 ans;MAGHREBAIL;TCN;100000;0.0249;2021-10-25;2026-10-25;1;Amortissement constant;0
153126;MA0001531260;CD BMCI 29102025 2 35 12 Mois;BMCI;TCN;100000;0.0235;2025-10-28;2026-10-29;1;In fine;0
153127;MA0001531278;CD BMCI 30102025 2 60 12 Mois;BMCI;TCN;100000;0.026;2025-10-30;2026-10-30;1;In fine;0
153164;MA0001531641;CD SAHAM BANK E 31032026 2 60;SAHAM BANK E;TCN;100000;0.026;2026-03-31;2026-11-02;1;In fine;0
009519;MA0000095192;ObL ARADEI CAP 04112021 3 35 5 ans;ARADEI CAPITAL;Obligation;100000;0.0335;2021-11-04;2026-11-04;1;In fine;0
009520;MA0000095200;ObL ARADEI CAP 04112021 2 87 5 ans;ARADEI CAPITAL;Obligation;100000;0.0287;2021-11-04;2026-11-04;1;In fine;0
153033;MA0001530338;CD BMCI 05112024 0 10 24 mois;BMCI;TCN;100000;0.001;2024-11-05;2026-11-05;1;In fine;0
153034;MA0001530346;CD BMCI 05112024 0 10 24 mois;BMCI;TCN;100000;0.001;2024-11-05;2026-11-05;1;In fine;0
152443;MA0001524430;CD CAM 15112021 2 50 5 ans;CAM E;TCN;100000;0.025;2021-11-15;2026-11-15;1;In fine;0
153130;MA0001531302;CD CFG BANK 17112025 2 55 52 Semain;CFG BANK;TCN;100000;0.0255;2025-11-17;2026-11-16;1;In fine;0
100917;MA0001009176;BSF MAGHREBAIL 231123 3 86 3 ANS;MAGHREBAIL;TCN;100000;0.0386;2023-11-23;2026-11-23;1;Amortissement constant;0
100919;MA0001009192;BSF EQDOM 27112023 4 06 3 ans;SEDM;TCN;100000;0.0406;2023-11-27;2026-11-27;1;In fine;0
153133;MA0001531336;CD BMCI 27112025 2 35 12 Mois;BMCI;TCN;100000;0.0235;2025-11-27;2026-11-27;1;In fine;0
153041;MA0001530411;CD CFG BANK 29112024 2 90 2 ans;CFG BANK;TCN;100000;0.029;2024-11-29;2026-11-29;1;In fine;0
153135;MA0001531351;CD BMCI 01122025 2 6 12 Mois;BMCI;TCN;100000;0.026;2025-11-28;2026-12-01;1;In fine;0
009420;MA0000094203;Obl Label vie C 021219 3 30 a 7 ans;LABEL VIE;Obligation;100000;0.033;2019-12-02;2026-12-02;1;Amortissement constant;0
009421;MA0000094211;Obl label vie D 021219 3 54 a 7 ans;LABEL VIE;Obligation;100000;0.0354;2019-12-02;2026-12-02;1;Amortissement constant;0
153136;MA0001531369;CD CAM 04122025 2 57 52 semaines;CAM E;TCN;100000;0.0257;2025-12-04;2026-12-03;1;In fine;0
009642;MA0000096422;Obl RCI FINANCE 09122024 3 26;RCI;Obligation;100000;0.0326;2024-12-09;2026-12-09;4;In fine;0
009422;MA0000094229;OBL MEDITELECOM 101219 3 40 a 7 ans;MEDI TELCOM SA;Obligation;100000;0.034;2019-12-10;2026-12-10;1;Amortissement constant;0
009423;MA0000094237;Obl MEDITELECOM 101219 3 16 a 7 ans;MEDI TELCOM SA;Obligation;100000;0.0316;2019-12-10;2026-12-10;1;Amortissement constant;0
009298;MA0000092983;OBL SUB CIH 15122016 3 82 10 ANS;CIH E;Obligation;100000;0.0382;2016-12-15;2026-12-15;1;In fine;0
009299;MA0000092991;OBL SUB CIH 15122016 2 97 TR 10 ANS;CIH E;Obligation;100000;0.0297;2016-12-15;2026-12-15;1;In fine;0
153139;MA0001531393;CD CFG BANK 171225 2 64 52 semaines;CFG BANK;TCN;100000;0.0264;2025-12-17;2026-12-16;1;In fine;0
153044;MA0001530445;CD CFG BANK 17122024 2 85 2 ans;CFG BANK;TCN;100000;0.0285;2024-12-17;2026-12-17;1;In fine;0
100922;MA0001009226;BSF EQDOM 18122023 3 97 3 ans;SEDM;TCN;100000;0.0397;2023-12-18;2026-12-18;1;In fine;0
002178;MA0000021784;Obl CDM SUB A du 21122016 3 93;CDM;Oblig. subordonnee;100000;0.0393;2016-12-21;2026-12-21;1;In fine;0
009300;MA0000093007;OBL SUB CDM TR D du 21122016 3 13;CDM;Oblig. subordonnee;100000;0.0313;2016-12-21;2026-12-21;1;In fine;0
005060;MA0000050601;Obl FT MIFTAH A1 151117 3 22;ATT TITRI MFT;FPCT;100000;0.0322;2017-11-15;2026-12-24;4;Amortissement constant;0
005100;MA0000051005;Obl FT SALAF INV MOUAD 241218 R1 TR;FT SALAF INVEST;FPCT;100000;0.0001;2018-12-12;2026-12-24;4;Amortissement constant;0
141183;MA0001411836;BT ARADEI CAPITAL 25122025 3 23 52S;ARADEI CAPITAL;TCN;100000;0.0323;2025-12-25;2026-12-25;1;In fine;0
153142;MA0001531427;CD CFG BANK 26122025 2 55 52 Semain;CFG BANK;TCN;100000;0.0255;2025-12-26;2026-12-25;1;In fine;0
153143;MA0001531435;CD BMCI 29122025 2 4 12 Mois;BMCI;TCN;100000;0.024;2025-12-29;2026-12-29;1;In fine;0
009431;MA0000094310;Obl SUB ATW F 31122019 a 7 ans;ATW E;Oblig. subordonnee;100000;0.0297;2019-12-31;2026-12-31;1;Amortissement constant;0
153144;MA0001531443;CD BMCI 31122025 2 65 12 Mois;BMCI;TCN;100000;0.0265;2025-12-31;2026-12-31;1;In fine;0
153145;MA0001531450;CD SAHAM BANK E 31122025 2 58 52 Se;SAHAM BANK E;TCN;100000;0.0258;2025-12-31;2026-12-31;1;In fine;0
153147;MA0001531476;CD BMCI 08012026 3 50 12 Mois;BMCI;TCN;100000;0.035;2026-01-08;2027-01-08;1;In fine;0
100972;MA0001009721;BSF WAFASALAF 17012025 2 96 2 ans;WAFASALAF;TCN;100000;0.0296;2025-01-17;2027-01-17;1;In fine;0
100925;MA0001009259;BSF SOFAC 190124 3 68 3 ans;SOFAC CREDIT;TCN;100000;0.0368;2024-01-19;2027-01-19;1;Amortissement constant;0
002153;MA0000021537;Obl FEC 200112 5 30;FEC;Obligation;100000;0.053;2012-01-20;2027-01-20;1;In fine;0
009149;MA0000091498;ObL FEC D 200112 5 30;FEC;Obligation;100000;0.053;2012-01-20;2027-01-20;1;In fine;0
153148;MA0001531484;CD CFG BANK 21012026 2 68 52 Semain;CFG BANK;TCN;100000;0.0268;2026-01-21;2027-01-20;1;In fine;0
100927;MA0001009275;BSF MAGHREBAIL 250124 3 68 3 ANS;MAGHREBAIL;TCN;100000;0.0368;2024-01-25;2027-01-25;1;Amortissement constant;0
100928;MA0001009283;BSF WAFASALAF 250124 3 74 3 ans;WAFASALAF;TCN;100000;0.0374;2024-01-25;2027-01-25;1;In fine;0
153149;MA0001531492;CD BMCI 29012026 2 35 12 Mois;BMCI;TCN;100000;0.0235;2026-01-29;2027-01-29;1;In fine;0
153053;MA0001530536;CD CDG CAPITAL 300125 2 91 2 ans;CDG K E;TCN;100000;0.0291;2025-01-30;2027-01-30;1;In fine;0
100975;MA0001009754;BSF WAFASALAF 31012025 2 97 2 ans;WAFASALAF;TCN;100000;0.0297;2025-01-31;2027-01-31;1;In fine;0
100954;MA0001009549;BSF EQDOM 020824 3 49 30 mois;SEDM;TCN;100000;0.0349;2024-08-02;2027-02-02;1;In fine;0
153150;MA0001531500;CD BMCI 02022026 2 60 12 Mois;BMCI;TCN;100000;0.026;2026-02-02;2027-02-02;1;In fine;0
153152;MA0001531526;CD BMCI 03022026 2 65 12 Mois;BMCI;TCN;100000;0.0265;2026-02-03;2027-02-03;1;In fine;0
152872;MA0001528720;CD BOA 08022024 3 73 3 ans;BOA;TCN;100000;0.0373;2024-02-08;2027-02-08;1;In fine;0
152877;MA0001528779;CD ATW 15022024 3 75 a 3 ans;ATW E;TCN;100000;0.0375;2024-02-15;2027-02-15;1;In fine;0
100874;MA0001008749;BSF MAGHREBAIL 180222 2 76 a 5 ans;MAGHREBAIL;TCN;100000;0.0276;2022-02-18;2027-02-18;1;In fine;0
100875;MA0001008756;BSF MAGHREBAIL 180202 2 57 a 5 ans;MAGHREBAIL;TCN;100000;0.0257;2022-02-18;2027-02-18;1;Amortissement constant;0
100977;MA0001009770;BSF WAFASALAF 20022025 2 99 2 ans;WAFASALAF;TCN;100000;0.0299;2025-02-20;2027-02-20;1;In fine;0
153156;MA0001531567;CD BMCI 26022026 2 35 12 Mois;BMCI;TCN;100000;0.0235;2026-02-26;2027-02-26;1;In fine;0
153158;MA0001531583;CD CDG CAPITAL E 27022026 2 53 52 S;CDG K E;TCN;100000;0.0253;2026-02-27;2027-02-26;1;In fine;0
100978;MA0001009788;BSF EQDOM 01032025 3 08 2 ans;SEDM;TCN;100000;0.0308;2025-02-28;2027-03-01;1;In fine;0
100979;MA0001009796;BSF RCI FINANCE 01032025 3 09 2 ans;RCI;TCN;100000;0.0309;2025-02-28;2027-03-01;1;In fine;0
153155;MA0001531559;CD SAHAM BANK E 02032026 2 61 1 Ans;SAHAM BANK E;TCN;100000;0.0261;2026-02-27;2027-03-02;1;In fine;0
153157;MA0001531575;CD BMCI 02032026 2 60 12 Mois;BMCI;TCN;100000;0.026;2026-02-27;2027-03-02;1;In fine;0
153160;MA0001531609;CD CFG BANK 04032026 2 20 12 Mois;CFG BANK;TCN;100000;0.022;2026-03-04;2027-03-03;1;In fine;0
100933;MA0001009333;BSF MAGHREBAIL 080324 3 75 3 ANS;MAGHREBAIL;TCN;100000;0.0375;2024-03-08;2027-03-08;1;Amortissement constant;0
153153;MA0001531534;CD BMCI 09022026 2 90 13 Mois;BMCI;TCN;100000;0.029;2026-02-09;2027-03-09;1;In fine;0
100934;MA0001009341;BSF SOFAC 150324 3 76 3 ans;SOFAC CREDIT;TCN;100000;0.0376;2024-03-15;2027-03-15;1;Amortissement constant;0
152473;MA0001524737;CD ATW 15032022 2 54 5 ans;ATW E;TCN;100000;0.0254;2022-03-15;2027-03-15;1;In fine;0
005139;MA0000051393;OBL FT AUTO MOB 190623 3 76 45 mois;AUTO MOBILITY;FPCT;100000;0.0376;2023-06-19;2027-03-20;4;Amortissement constant;0
005140;MA0000051401;OBL FT AUTO MOB 19062023 45 mois;AUTO MOBILITY;FPCT;5000;;2023-06-19;2027-03-20;1;In fine;0
152898;MA0001528985;CD ATW 21032024 3 65 a 3 ans;ATW E;TCN;100000;0.0365;2024-03-21;2027-03-21;1;In fine;0
100987;MA0001009879;BSF EQDOM 01042025 2 88 2 ans;SEDM;TCN;100000;0.0288;2025-03-28;2027-04-01;1;In fine;0
141188;MA0001411885;BT MANAGEM 03042026 2 88 52 Semaine;MANAGEM;TCN;100000;0.0288;2026-04-03;2027-04-05;1;In fine;0
153165;MA0001531658;CD CFG BANK 15042026 2 77 52 Semain;CFG BANK;TCN;100000;0.0277;2026-04-15;2027-04-14;1;In fine;0
152483;MA0001524836;CD CFG BANK 15042022 2 85 a 5 ans;CFG BANK;TCN;100000;0.0285;2022-04-15;2027-04-15;1;In fine;0
152912;MA0001529124;CD BOA 15042024 3 66 3 ans;BOA;TCN;100000;0.0366;2024-04-15;2027-04-15;1;In fine;0
153166;MA0001531666;CD BMCI 16042026 3 12 Mois;BMCI;TCN;100000;0.03;2026-04-16;2027-04-16;1;In fine;0
100881;MA0001008814;BSF SOFAC 21042022 2 61 a 5 ans;SOFAC CREDIT;TCN;100000;0.0261;2022-04-21;2027-04-21;1;Amortissement constant;0
153167;MA0001531674;CD BMCI 21042026 3 50 12 Mois;BMCI;TCN;100000;0.035;2026-04-21;2027-04-21;1;In fine;0
100937;MA0001009374;BSF MAGHREBAIL 250424 3 72 3 ANS;MAGHREBAIL;TCN;100000;0.0372;2024-04-25;2027-04-25;1;Amortissement constant;0
100884;MA0001008848;BSF SOGELEASE 28042022 2 74 a 5 ans;SAHAM LEASING;TCN;100000;0.0274;2022-04-28;2027-04-28;1;In fine;0
153079;MA0001530791;CD CDG CAPITAL 30042025 2 67 2 ans;CDG K E;TCN;100000;0.0267;2025-04-30;2027-04-30;1;In fine;0
100885;MA0001008855;BSF WAFABAIL 06052022 2 82 5 ans;WAFABAIL;TCN;100000;0.0282;2022-05-06;2027-05-06;1;In fine;0
152931;MA0001529314;CD BOA 06052024 3 66 3 ans;BOA;TCN;100000;0.0366;2024-05-06;2027-05-06;1;In fine;0
152935;MA0001529355;CD BOA 09052024 3 66 3 ans;BOA;TCN;100000;0.0366;2024-05-09;2027-05-09;1;In fine;0
100940;MA0001009408;BSF RCI FINANCE 100524 3 91 a 3 ans;RCI;TCN;100000;0.0391;2024-05-10;2027-05-10;1;In fine;0
009167;MA0000091670;ObL TANGER MED 2 TR A 160512 4 73;TANGER MED  SA;Obligation;100000;0.0473;2012-05-16;2027-05-16;1;In fine;0
009325;MA0000093254;Obl ADM D du 18052017 3 52 10 ans;ADM;Obligation;100000;0.0352;2017-05-18;2027-05-18;1;In fine;0
009326;MA0000093262;Obl ADM D du 18052017 3 50 10 ans;ADM;Obligation;100000;0.035;2017-05-18;2027-05-18;1;In fine;0
152503;MA0001525031;CD CIH du 24052022 2 72 5 ans;CIH E;TCN;100000;0.0272;2022-05-24;2027-05-24;1;In fine;0
152504;MA0001525049;CD CIH du 24052022 2 16 TR  5 ans;CIH E;TCN;100000;0.0216;2022-05-24;2027-05-24;1;In fine;0
009447;MA0000094476;Obl LABEL VIE C 280520 3 43 a 7 ans;LABEL VIE;Obligation;100000;0.0343;2020-05-28;2027-05-28;1;Amortissement constant;0
100992;MA0001009929;BSF EQDOM 31052025 2 66 24 mois;SEDM;TCN;100000;0.0266;2025-05-29;2027-05-31;1;In fine;0
100984;MA0001009846;BSF EQDOM 03062025 3 11 27 mois;SEDM;TCN;100000;0.0311;2025-03-03;2027-06-03;1;In fine;0
009684;MA0000096844;Obl AUTO NEJMA A 040625 2 69 2 ans;AUTO NEJMA;Obligation;100000;0.0269;2025-06-04;2027-06-04;2;In fine;0
152235;MA0001522350;CD CAM 120620 3 4 a 7 ans;CAM E;TCN;100000;0.034;2020-06-12;2027-06-11;1;In fine;0
152236;MA0001522368;CD CAM 150620 3 4 a 7 ans;CAM E;TCN;100000;0.034;2020-06-15;2027-06-15;1;In fine;0
152240;MA0001522400;CD CAM 170620 3 40 a 7 ans;CAM E;TCN;100000;0.034;2020-06-17;2027-06-17;1;In fine;0
153090;MA0001530908;CD BMCI DS 17062025 0 10 TR 24 mois;BMCI;TCN;100000;0.001;2025-06-17;2027-06-17;1;In fine;0
009690;MA0000096901;OBL RCI FIN TR B 190625 2 53 2 ans;RCI;Obligation;100000;0.0253;2025-06-19;2027-06-21;4;In fine;0
009692;MA0000096927;Obl IAM 23062025 2 37 2 ans;IAM;Oblig. subordonnee;100000;0.0237;2025-06-23;2027-06-23;1;In fine;0
009333;MA0000093338;Obl GREEN BONDS 290617 2 182 10 ans;BCP E;Obligation;1000;0.0218;2017-06-29;2027-06-29;2;Amortissement constant;0
009335;MA0000093353;OBL SUB BCP D 290617 4 TF 10 ans;BCP E;Oblig. subordonnee;100000;0.04;2017-06-29;2027-06-29;1;In fine;0
009459;MA0000094591;Obl SUB ATW F 290620 2 97 a 7 ans;ATW E;Oblig. subordonnee;100000;0.0297;2020-06-29;2027-06-29;1;Amortissement constant;0
100994;MA0001009945;BSF EQDOM 30062025 2 57 2 ans;SEDM;TCN;100000;0.0257;2025-06-16;2027-06-30;1;In fine;0
100997;MA0001009978;BSF WAFABAIL 010725 2 70 2 ans;WAFABAIL;TCN;100000;0.027;2025-07-01;2027-07-01;1;In fine;0
100947;MA0001009473;BSF MAGHREBAIL 180724 3 40 3 ANS;MAGHREBAIL;TCN;100000;0.034;2024-07-18;2027-07-18;1;Amortissement constant;0
100949;MA0001009499;BSF SOGELEASE 190724 3 60 3 ans;SAHAM LEASING;TCN;100000;0.036;2024-07-17;2027-07-19;1;In fine;0
100951;MA0001009515;BSF WAFASALAF 180724 3 46 3 ans;WAFASALAF;TCN;100000;0.0346;2024-07-19;2027-07-19;1;In fine;0
009461;MA0000094617;Obl Palmeraie Dev 250718 6 01 9 ans;PALME DEV;Obligation;100000;0.0601;2020-07-27;2027-07-25;1;Amortissement constant;0
009462;MA0000094625;OBL Palmeraie Dev 250718 5 03 9 ans;PALME DEV;Obligation;100000;0.0503;2020-07-27;2027-07-25;1;Amortissement constant;0
009632;MA0000096323;Obl Oulmes A 250724 4 04 a 3 ans;OULMES;Obligation;100000;0.0404;2024-07-25;2027-07-25;1;Amortissement constant;0
009633;MA0000096331;Obl Oulmes B 250724 3 88 a 3 ans;OULMES;Obligation;100000;0.0388;2024-07-25;2027-07-25;1;Amortissement constant;0
009463;MA0000094633;Obl BEST FINACIERE 280720 3 00 7ans;BEST FINANCIERE;Obligation;100000;0.03;2020-07-28;2027-07-28;1;Amortissement constant;0
009464;MA0000094641;Obl BEST FINACIERE 280720 3 50 7ans;BEST FINANCIERE;Obligation;100000;0.035;2020-07-28;2027-07-28;1;Amortissement constant;0
009509;MA0000095093;OBL AL MADA DU 290721 TRCH 3 2 63;AL MADA;Obligation;100000;0.0263;2021-07-29;2027-07-29;1;In fine;0
153098;MA0001530981;CD CREDIT DU MAROC 31072025 2 51 2;CDM;TCN;100000;0.0251;2025-07-31;2027-07-31;1;In fine;0
009202;MA0000092025;Obl LYDEC du 010114 4 50;LYDEC;Obligation;1000;0.045;2014-01-01;2027-08-01;1;In fine;90
153101;MA0001531013;CD CDG CAPITAL E 31072025 2 53 2 An;CDG K E;TCN;100000;0.0253;2025-07-31;2027-08-01;1;In fine;0
009510;MA0000095101;OBL ADDOHA 020821 TRCH A 4 93 6 ANS;DOUJA PROM ADD;Obligation;25000;0.0493;2021-08-02;2027-08-02;1;Amortissement constant;0
009511;MA0000095119;ObL ADDOHA DU 020821 TRCH B 4 54 TR;DOUJA PROM ADD;Obligation;25000;0.0454;2021-08-02;2027-08-02;1;Amortissement constant;0
100901;MA0001009010;BSF EQDOM 020823 4 31 4 ans;SEDM;TCN;100000;0.0431;2023-07-31;2027-08-02;1;In fine;0
101001;MA0001010018;BSF EQDOM 01082025 2 62 2 ans;SEDM;TCN;100000;0.0262;2025-08-01;2027-08-03;1;In fine;0
009554;MA0000095549;OBL MAR LEAS TR A 050822 3 18;MA LEASING;Obligation;100000;0.0318;2022-08-05;2027-08-05;1;In fine;0
009555;MA0000095556;OBL MAR LEAS TR B 050822 2 56 TR;MA LEASING;Obligation;100000;0.0256;2022-08-05;2027-08-05;1;In fine;0
009470;MA0000094708;Obl JET CONTRACTORS 170820 4 13;JET CONTRACTORS;Obligation;100000;0.0413;2020-08-17;2027-08-17;1;Amortissement constant;0
009471;MA0000094716;Obl JET CONTRACTORS 170820 3 79;JET CONTRACTORS;Obligation;100000;0.0379;2020-08-17;2027-08-17;1;Amortissement constant;0
009556;MA0000095564;OBL AGRI CAPITAL 180822 2 91 5 ans;AGRI CAPITAL;Obligation;100000;0.0291;2022-08-18;2027-08-18;1;In fine;0
101007;MA0001010075;BSF EQDOM 01092025 2 63 2 ans;SEDM;TCN;100000;0.0263;2025-09-01;2027-09-01;1;In fine;0
100983;MA0001009838;BSF EQDOM 03092025 3 14 30 mois;SEDM;TCN;100000;0.0314;2025-03-03;2027-09-03;1;In fine;0
100904;MA0001009044;BSF WAFASALAF 11092023 4 20 4 ans;WAFASALAF;TCN;100000;0.042;2023-09-11;2027-09-11;1;In fine;0
100906;MA0001009069;BSF MAGHREBAIL 110923 4 06 a 4 ans;MAGHREBAIL;TCN;100000;0.0406;2023-09-11;2027-09-11;1;Amortissement constant;0
101008;MA0001010083;BSF RCI FINANCE TR A 22092025 2 71;RCI;TCN;100000;0.0271;2025-09-22;2027-09-22;1;In fine;0
101010;MA0001010109;BSF WAFASALAF 22092025 2 61 2 Ans;WAFASALAF;TCN;100000;0.0261;2025-09-22;2027-09-22;1;In fine;0
152806;MA0001528068;CD CIH 22092023 4 07 4 ans;CIH E;TCN;100000;0.0407;2023-09-22;2027-09-22;1;In fine;0
152379;MA0001523796;CD CFG BANK 300921 3 a 6 ans;CFG BANK;TCN;100000;0.03;2021-05-21;2027-09-30;1;In fine;0
152403;MA0001524034;CD CFG BANK 300921 3 a 6 ans;CFG BANK;TCN;100000;0.03;2021-07-13;2027-09-30;1;In fine;0
002182;MA0000021826;Obl SUB CAM 111020174 22 a 10 ans;CAM E;Oblig. subordonnee;100000;0.0422;2017-10-11;2027-10-11;1;In fine;0
009340;MA0000093403;ObL SUB CAM 11102017 4 22 10 ans;CAM E;Oblig. subordonnee;100000;0.0422;2017-10-11;2027-10-11;1;In fine;0
100912;MA0001009127;BSF MAGHREBAIL 191023 4 02 a 4 ans;MAGHREBAIL;TCN;100000;0.0402;2023-10-19;2027-10-19;1;Amortissement constant;0
009344;MA0000093445;Obl ADM C du 24102017 3 29 10 ans;ADM;Obligation;100000;0.0329;2017-10-24;2027-10-24;1;Amortissement constant;0
005172;MA0000051724;OBL FT CORP SYN FUND 31102025 2 89;FT CORP SYN FUND;FPCT;100000;0.0289;2025-10-31;2027-10-31;1;In fine;0
005173;MA0000051732;Part Residuelle FT CORP SYNT FUND;FT CORP SYN FUND;FPCT;100000;;2025-10-31;2027-10-31;1;In fine;0
009345;MA0000093452;OBL ANP TR A 31102017 3 02 10 ans;ANP;Obligation;100000;0.0302;2017-10-31;2027-10-31;1;In fine;0
009346;MA0000093460;Obl ANP B du 31102017 3 83 10 ans;ANP;Obligation;100000;0.0383;2017-10-31;2027-10-31;1;In fine;0
100963;MA0001009630;BSF EQDOM 01112024 3 33 3 ans;SEDM;TCN;100000;0.0333;2024-10-30;2027-11-01;1;In fine;0
100966;MA0001009663;BSF SOFAC 01112024 3 24 a 3 ans;SOFAC CREDIT;TCN;100000;0.0324;2024-11-01;2027-11-01;1;Amortissement constant;0
009522;MA0000095226;OBL JAIDA 29112021 2 79 6 ans;JAIDA;Obligation;100000;0.0279;2021-11-29;2027-11-29;1;Amortissement constant;0
100918;MA0001009184;BSF EQDOM 29112023 4 23 4 ans;SEDM;TCN;100000;0.0423;2023-11-27;2027-11-29;1;In fine;0
152427;MA0001524273;CD CFG BANK 291121 3 00 6 ANS;CFG BANK;TCN;100000;0.03;2021-09-28;2027-11-29;1;In fine;0
009565;MA0000095655;OBL RISMA 02122022 5 24 5 ans;RISMA SA;Obligation;1000;0.0524;2022-12-02;2027-12-02;1;In fine;0
009350;MA0000093502;OBL SUB BMCE du 05122017 3 13;BOA;Oblig. subordonnee;100000;0.0313;2017-12-05;2027-12-05;1;In fine;0
009352;MA0000093528;Obl FEC C du 06122017 2 77 10 ans;FEC;Obligation;100000;0;2017-12-06;2027-12-06;1;In fine;0
009514;MA0000095143;Obl O Capital Group 071220 2 73;O CAPITAL GROUP;Obligation;100000;0.0273;2020-12-07;2027-12-07;1;In fine;0
101021;MA0001010216;BSF WAFASALAF 08122025 2 83 2 Ans;WAFASALAF;TCN;100000;0.0283;2025-12-08;2027-12-08;1;In fine;0
100969;MA0001009697;BSF SOGELEASE 091224 3 38 3 ans;SAHAM LEASING;TCN;100000;0.0338;2024-12-09;2027-12-09;1;In fine;0
009755;MA0000097552;OBL RCI FIN MAR TR A 17122025 2 74;RCI;Obligation;100000;0.0274;2025-12-17;2027-12-17;4;In fine;0
153141;MA0001531419;CD SAHAM BANK 22122025 2 76 2 Ans;SAHAM BANK E;TCN;100000;0.0276;2025-12-22;2027-12-22;1;In fine;0
009528;MA0000095283;OBL ANP 27122021 2 70 6 ans;ANP;Obligation;100000;0.027;2021-12-27;2027-12-27;1;Amortissement constant;0
009356;MA0000093569;Obl SUB AL BARID BANK B 291217 3 19;AL BARID BANK E;Oblig. subordonnee;100000;0.0319;2017-12-29;2027-12-29;1;In fine;0
009357;MA0000093577;Obl SUB AL BARID BANK A 291217 4 20;AL BARID BANK E;Oblig. subordonnee;100000;0.042;2017-12-29;2027-12-29;1;In fine;0
009489;MA0000094898;Obl SUB ATW C 291220 2 97 a 7 ans;ATW E;Oblig. subordonnee;100000;0.0297;2020-12-29;2027-12-29;1;In fine;0
009490;MA0000094906;Obl SUB ATW F 291220 2 79 a 7 ans;ATW E;Oblig. subordonnee;100000;0.0279;2020-12-29;2027-12-29;1;Amortissement constant;0
009491;MA0000094914;Obl SUB ATW D TR 291220 2 37;ATW E;Oblig. subordonnee;100000;0.0237;2020-12-29;2027-12-29;1;In fine;0
100971;MA0001009713;BSF SOGELEASE 30122024 3 26 a 3 ans;SAHAM LEASING;TCN;100000;0.0326;2024-12-30;2027-12-30;1;In fine;0
005014;MA0000050148;FPCT SAKANE Obligations S du 300112;MGT SAKANE;FPCT;100000;0.0511;2012-01-30;2028-01-16;4;In fine;0
005015;MA0000050155;FPCT SAKANE R1;MGT SAKANE;FPCT;9545857.37;;2012-01-30;2028-01-16;1;In fine;0
005016;MA0000050163;FPCT SAKANE R2;MGT SAKANE;FPCT;5904172.81;;2012-01-30;2028-01-16;1;In fine;0
005017;MA0000050171;FPCT SAKANE R3;MGT SAKANE;FPCT;4250638.9;;2012-01-30;2028-01-16;1;In fine;0
005018;MA0000050189;FPCT SAKANE R4;MGT SAKANE;FPCT;3596100.81;;2012-01-30;2028-01-16;1;In fine;0
005019;MA0000050197;FPCT SAKANE R5;MGT SAKANE;FPCT;3081092.49;;2012-01-30;2028-01-16;1;In fine;0
005020;MA0000050205;FPCT SAKANE R6;MGT SAKANE;FPCT;2351284.67;;2012-01-30;2028-01-16;1;In fine;0
005021;MA0000050213;FPCT SAKANE R7;MGT SAKANE;FPCT;2006271.26;;2012-01-30;2028-01-16;1;In fine;0
005022;MA0000050221;FPCT SAKANE R8;MGT SAKANE;FPCT;1869251.82;;2012-01-30;2028-01-16;1;In fine;0
005023;MA0000050239;FPCT SAKANE R9;MGT SAKANE;FPCT;1332568.34;;2012-01-30;2028-01-16;1;In fine;0
005024;MA0000050247;FPCT SAKANE R10;MGT SAKANE;FPCT;543170.37;;2012-01-30;2028-01-16;1;In fine;0
005025;MA0000050254;FPCT SAKANE R11;MGT SAKANE;FPCT;521874.4;;2012-01-30;2028-01-16;1;In fine;0
009360;MA0000093601;Obl SUB SNI 170118 4 08 a 10 ans;AL MADA;Oblig. subordonnee;100000;0.0408;2018-01-17;2028-01-17;1;In fine;0
100926;MA0001009267;BSF MAGHREBAIL 250124 3 78 a 4 ans;MAGHREBAIL;TCN;100000;0.0378;2024-01-25;2028-01-25;1;Amortissement constant;0
009496;MA0000094963;OBL MARJANE HLDG du 290121 2 87 7 A;MARJANE HOLDING;Obligation;100000;0.0287;2021-01-29;2028-01-29;1;Amortissement constant;0
152342;MA0001523424;CD CAM 19022021 2 77 7 ans;CAM E;TCN;100000;0.0277;2021-02-19;2028-02-19;1;In fine;0
101029;MA0001010299;BSF WAFASALAF 20022026 3 2 Anne;WAFASALAF;TCN;100000;0.03;2026-02-20;2028-02-20;1;In fine;0
100876;MA0001008764;BSF SOFAC 21022022 2 66 6 ans;SOFAC CREDIT;TCN;100000;0.0266;2022-02-21;2028-02-21;1;Amortissement constant;0
009497;MA0000094971;OBL ADDOHA 26022021 5 16 7 ans;DOUJA PROM ADD;Obligation;100000;0.0516;2021-02-26;2028-02-26;1;Amortissement constant;0
009498;MA0000094989;ObL ADDOHA 26022021 4 71 7 ans;DOUJA PROM ADD;Obligation;100000;0.0471;2021-02-26;2028-02-26;1;Amortissement constant;0
153159;MA0001531591;CD CDG CAPITAL E 27022026 2 78 2 An;CDG K E;TCN;100000;0.0278;2026-02-27;2028-02-28;1;In fine;0
101031;MA0001010315;BSF WAFABAIL 02032026 2 79 2 Ans;WAFABAIL;TCN;100000;0.0279;2026-03-02;2028-03-02;1;In fine;0
009573;MA0000095739;Obl LABEL VIE 16032023 4 36 5 ans;LABEL VIE;Obligation;100000;0.0436;2023-03-16;2028-03-16;1;In fine;0
009574;MA0000095747;Obl LABEL VIE B 16032023 5 03 5 ans;LABEL VIE;Obligation;100000;0.0503;2023-03-16;2028-03-16;1;In fine;0
100985;MA0001009853;BSF RCI FINANCE 27032025 3 02 3 ans;RCI;TCN;100000;0.0302;2025-03-27;2028-03-27;1;In fine;0
100986;MA0001009861;BSF SOGELEASE 28032025 3 02 a 3 ans;SAHAM LEASING;TCN;100000;0.0302;2025-03-28;2028-03-28;1;In fine;0
100970;MA0001009705;BSF EQDOM 30032025 3 40 39 mois;SEDM;TCN;100000;0.034;2024-12-30;2028-03-30;1;In fine;0
101033;MA0001010331;BSF RCI FIN MAROC TR A 210426 3 20;RCI;TCN;100000;0.032;2026-04-21;2028-04-21;1;In fine;0
100989;MA0001009895;BSF WAFASALAF 240425 2 91 3 ans;WAFASALAF;TCN;100000;0.0291;2025-04-24;2028-04-24;1;In fine;0
002186;MA0000021867;OBL SUB CIH 18052018 4 02 10 ANS;CIH E;Obligation;100000;0.0402;2018-05-18;2028-05-18;1;In fine;0
009365;MA0000093650;OBL SUB CIH 180518 4 02 a 10 ans;CIH E;Obligation;100000;0.0402;2018-05-18;2028-05-18;1;In fine;0
009366;MA0000093668;Obl SUB CIH C 180518 2 99 TR 10 ans;CIH E;Oblig. subordonnee;100000;0.0299;2018-05-18;2028-05-18;1;In fine;0
100967;MA0001009671;BSF EQDOM 29052025 3 36 3 ans 6m;SEDM;TCN;100000;0.0336;2024-11-29;2028-05-29;1;In fine;0
009193;MA0000091936;Obl ADM C du 030613 6 20 15 ans;ADM;Obligation;100000;0.062;2013-06-03;2028-06-03;1;In fine;0
009199;MA0000091993;ObL TMPA  TRanche B 030613 6 30;TMPA;Obligation;100000;0.063;2013-06-03;2028-06-03;1;In fine;0
009200;MA0000092009;ObL TMPA  TRanche B 030613 6 35;TMPA;Obligation;100000;0.0635;2013-06-03;2028-06-03;1;In fine;0
009748;MA0000097487;ORA OULMES 091225 3 59 2 ans 6 mois;OULMES;Oblig. convertible;100;0.0359;2025-12-09;2028-06-09;1;In fine;0
009689;MA0000096893;OBL RCI FIN TR A 190625 2 63 3 ans;RCI;Obligation;100000;0.0263;2025-06-19;2028-06-19;4;In fine;0
005149;MA0000051492;OBL FT AUTO MOB 250724 3 67 4 ans;AUTO MOBILITY;FPCT;100000;0.0367;2024-07-25;2028-06-20;4;Amortissement constant;0
152398;MA0001523986;CD CIH du 25062021 2 61 7 ans;CIH E;TCN;100000;0.0261;2021-06-25;2028-06-25;1;In fine;0
002187;MA0000021875;Obl SUB SGMB A du 280618 4 10 ans;SAHAM BANK E;Oblig. subordonnee;100000;0.04;2018-06-28;2028-06-28;1;In fine;0
009369;MA0000093692;Obl SUB SGMB B du 280618 4 10 ans;SAHAM BANK E;Oblig. subordonnee;100000;0.04;2018-06-28;2028-06-28;1;In fine;0
100996;MA0001009960;BSF WAFASALAF 30062025 2 87 3 ans;WAFASALAF;TCN;100000;0.0287;2025-06-30;2028-06-30;1;In fine;0
005165;MA0000051658;Part Residuelle FT POWER GRID;FT POWER GRID;FPCT;100000;;2025-07-14;2028-07-14;1;In fine;0
005166;MA0000051666;OBL A2 FT POWER GRID 14072025 2 75;FT POWER GRID;FPCT;100000;0.0275;2025-07-14;2028-07-14;4;Amortissement constant;0
005167;MA0000051674;OBL A1 FT POWER GRID 14072025 2 99;FT POWER GRID;FPCT;100000;0.0299;2025-07-14;2028-07-14;1;Amortissement constant;0
100998;MA0001009986;BSF WAFASALAF 14072025 2 74 3 Ans;WAFASALAF;TCN;100000;0.0274;2025-07-14;2028-07-14;1;In fine;0
100948;MA0001009481;BSF MAGHREBAIL 180724 3 52 a 4 ans;MAGHREBAIL;TCN;100000;0.0352;2024-07-18;2028-07-18;1;Amortissement constant;0
009373;MA0000093734;ObL FEC 19072018 3 12 a 10 ans;FEC;Obligation;100000;0.0312;2018-07-19;2028-07-19;1;In fine;0
009374;MA0000093742;ObL FEC 19072018 3 07 a 10 ans;FEC;Obligation;100000;0.0307;2018-07-19;2028-07-19;1;In fine;0
009583;MA0000095838;ObL ARADEI CAP A 210723 5 02 5 ans;ARADEI CAPITAL;Obligation;100000;0.0502;2023-07-21;2028-07-21;1;In fine;0
009584;MA0000095846;ObL ARADEI CAP B 210723 5 ans;ARADEI CAPITAL;Obligation;100000;0.0448;2023-07-21;2028-07-21;1;In fine;0
009631;MA0000096315;ObL TGCC 220724 3 88 4 ans;TGCC;Obligation;100000;0.0388;2024-07-22;2028-07-22;1;Amortissement constant;0
009067;MA0000090672;Obl ADM280708 5,00;ADM;Obligation;100000;0.05;2008-07-28;2028-07-28;1;In fine;0
009505;MA0000095051;Obl Label vie C 290721 2 38 a 7 ans;LABEL VIE;Obligation;100000;0.0238;2021-07-29;2028-07-29;1;Amortissement constant;0
009506;MA0000095069;Obl label vie D 290721 2 80 a 7 ans;LABEL VIE;Obligation;100000;0.028;2021-07-29;2028-07-29;1;Amortissement constant;0
005168;MA0000051682;OBL A2 FT NOVUS GREEN P 310725 2 78;FT NOVUS GREEN P;FPCT;100000;0.0278;2025-07-31;2028-07-31;1;Amortissement constant;0
005169;MA0000051690;Part Residuelle FT NOVUS GREEN PACK;FT NOVUS GREEN P;FPCT;8500000;;2025-07-31;2028-07-31;1;In fine;0
005171;MA0000051716;OBL A1 FT NOVUS GREEN PACK 31072025;FT NOVUS GREEN P;FPCT;100000;0.0268;2025-07-31;2028-07-31;1;Amortissement constant;0
009512;MA0000095127;Obl O CAPITAL GROUP 110821 2 12 7;O CAPITAL GROUP;Obligation;100000;0.0212;2021-08-11;2028-08-11;1;In fine;0
009513;MA0000095135;Obl O CAPITAL GROUP 110821 2 80;O CAPITAL GROUP;Obligation;100000;0.028;2021-08-11;2028-08-11;1;In fine;0
101009;MA0001010091;BSF RCI FINANCE TR B 22092025 2 81;RCI;TCN;100000;0.0281;2025-09-22;2028-09-22;1;In fine;0
101012;MA0001010125;BSF WAFABAIL 06102025 2 75 3 Ans;WAFABAIL;TCN;100000;0.0275;2025-10-06;2028-10-06;1;In fine;0
100961;MA0001009614;BSF MAGHREBAIL 10102024 3 39 4 ans;MAGHREBAIL;TCN;100000;0.0339;2024-10-10;2028-10-10;1;Amortissement constant;0
153118;MA0001531187;CD CAM 17102025 2 65 3 ans;CAM E;TCN;100000;0.0265;2025-10-17;2028-10-17;1;In fine;0
009564;MA0000095648;Obl RDS 26102022 4 80 6 ans;RDS;Obligation;100000;0.048;2022-10-26;2028-10-26;1;Amortissement constant;0
002190;MA0000021909;Obl SUB CAM F 011118 4 10 10 ans;CAM E;Oblig. subordonnee;100000;0.041;2018-11-01;2028-11-01;1;In fine;0
009379;MA0000093791;ObL SUB CAM 01112018 4 10 a 10 ans;CAM E;Oblig. subordonnee;100000;0.041;2018-11-01;2028-11-01;1;In fine;0
009474;MA0000094740;Obl RESIDENCE DAR SAADA 031120 4 14;RDS;Obligation;100000;0.0414;2020-11-03;2028-11-03;1;Amortissement constant;0
101016;MA0001010166;BSF WAFABAIL 03112025 2 83 3 Ans;WAFABAIL;TCN;100000;0.0283;2025-11-03;2028-11-03;1;In fine;0
009521;MA0000095218;ObL ARADEI CAP 04112021 2 87 7 ans;ARADEI CAPITAL;Obligation;100000;0.0287;2021-11-04;2028-11-04;1;Amortissement constant;0
152442;MA0001524422;CD CAM 11112021 2 79 a 7 ans;CAM E;TCN;100000;0.0279;2021-11-11;2028-11-11;1;In fine;0
152444;MA0001524448;CD CIH du 22112021 2 63 7 ans;CIH E;TCN;100000;0.0263;2021-11-22;2028-11-22;1;In fine;0
009383;MA0000093833;ObL AL OMRANE A 231118 4 16 10 ans;AL OMRANE;Obligation;100000;0.0416;2018-11-23;2028-11-23;1;Amortissement constant;0
009384;MA0000093841;ObL AL OMRANE F 231118 3 44 10 ans;AL OMRANE;Obligation;100000;0.0344;2018-11-23;2028-11-23;1;Amortissement constant;0
153131;MA0001531310;CD CDG CAPITAL E 26112025 2 74 3 An;CDG K E;TCN;100000;0.0274;2025-11-26;2028-11-26;1;In fine;0
153132;MA0001531328;CD CDG CAPITAL E 26112025 2 51 3 An;CDG K E;TCN;100000;0.0251;2025-11-26;2028-11-26;1;In fine;0
152477;MA0001524778;CD CFG BANK 27112022 3 80 6 ans;CFG BANK;TCN;100000;0.038;2022-03-31;2028-11-27;1;In fine;0
101022;MA0001010224;BSF EQDOM 15122025 3 0 2 36 mois;SEDM;TCN;100000;0.0302;2025-12-15;2028-12-15;1;In fine;0
153043;MA0001530437;CD BMCI 16122024 3 36 4 ans;BMCI;TCN;100000;0.0336;2024-12-16;2028-12-16;1;In fine;0
002191;MA0000021917;Obl CDM SUB A du 171218 4 05 10 ans;CDM;Oblig. subordonnee;100000;0.0405;2018-12-17;2028-12-17;1;In fine;0
009385;MA0000093858;Obl CDM SUB C du 171218 4 05 10 ans;CDM;Oblig. subordonnee;100000;0.0405;2018-12-17;2028-12-17;1;In fine;0
009756;MA0000097560;OBL RCI FIN MAR TR B 17122025 2 84;RCI;Obligation;100000;0.0284;2025-12-17;2028-12-17;4;In fine;0
009388;MA0000093882;Obl SUb BCP du 20122018 TV 10 ans;BCP E;Oblig. subordonnee;100000;0.0294;2018-12-20;2028-12-20;1;In fine;0
009523;MA0000095234;Obl MANAGEM 21122021 3 22 7 ans;MANAGEM;Obligation;100000;0.0322;2021-12-21;2028-12-21;1;In fine;0
153140;MA0001531401;CD SAHAM BANK 22122025 2 87 3 Ans;SAHAM BANK E;TCN;100000;0.0287;2025-12-22;2028-12-22;1;In fine;0
009530;MA0000095309;Obl SUB ATW C 30122021 266 7 ans;ATW E;Oblig. subordonnee;100000;0.0266;2021-12-30;2028-12-30;1;In fine;0
100924;MA0001009242;BSF SOGELEASE 16012024 4 03 a 5 ans;SAHAM LEASING;TCN;100000;0.0403;2024-01-16;2029-01-16;1;In fine;0
101024;MA0001010240;BSF WAFASALAF 20012026 3 06 3 Anne;WAFASALAF;TCN;100000;0.0306;2026-01-20;2029-01-20;1;In fine;0
100974;MA0001009747;BSF EQDOM 31012025 3 28 4 ans;SEDM;TCN;100000;0.0328;2025-01-31;2029-01-31;1;In fine;0
101027;MA0001010273;BSF EQDOM 02022026 3 23 3 Ans;SEDM;TCN;100000;0.0323;2026-02-02;2029-02-02;1;In fine;0
009204;MA0000092041;Obl ADM C du 100214 6 03 15 ans;ADM;Obligation;100000;0.0603;2014-02-10;2029-02-10;1;In fine;0
009205;MA0000092058;Obl ADM C du 100214 6 10 15 ans;ADM;Obligation;100000;0.061;2014-02-10;2029-02-10;1;In fine;0
009206;MA0000092066;Obl ADM C du 100214 6 17 15 ans;ADM;Obligation;100000;0.0617;2014-02-10;2029-02-10;1;In fine;0
152880;MA0001528803;CD CFG Bank 23022024 3 65 a 5 ans;CFG BANK;TCN;100000;0.0365;2024-02-23;2029-02-23;1;In fine;0
152881;MA0001528811;CD CFG BANK 23022024 4 00 5 ans;CFG BANK;TCN;100000;0.04;2024-02-23;2029-02-23;1;In fine;0
101030;MA0001010307;BSF WAFABAIL 02032026 2 98 3 Ans;WAFABAIL;TCN;100000;0.0298;2026-03-02;2029-03-02;1;In fine;0
101032;MA0001010323;BSF EQDOM 02032026 3 05 3 a;SEDM;TCN;100000;0.0305;2026-03-02;2029-03-02;1;In fine;0
100981;MA0001009812;BSF MAGHREBAIL 03032025 3 21 4 ans;MAGHREBAIL;TCN;100000;0.0321;2025-03-03;2029-03-03;1;Amortissement constant;0
005115;MA0000051153;Obl FT DAMANE TAMAYOUZ 080321 8 ans;DAMANETAMAYOUZ;FPCT;100000;;2021-03-08;2029-03-08;1;In fine;0
009533;MA0000095333;OBL MARJANE 140322 a 2 65 7 ans;MARJANE HOLDING;Obligation;100000;0.0265;2022-03-14;2029-03-14;1;In fine;0
009535;MA0000095358;Obl MANAGEM 18032022 3 22 7 ans;MANAGEM;Obligation;100000;0.0322;2022-03-18;2029-03-18;1;In fine;0
009607;MA0000096075;OBL AL MADA 28032024 3 94 5 ans;AL MADA;Obligation;100000;0.0394;2024-03-28;2029-03-28;1;In fine;0
100938;MA0001009382;BSF SOFAC 260424 3 94 a 5 ans;SOFAC CREDIT;TCN;100000;0.0394;2024-04-26;2029-04-26;1;Amortissement constant;0
100991;MA0001009911;BSF MAGHREBAIL 28042025 2 94 4 ans;MAGHREBAIL;TCN;100000;0.0294;2025-04-28;2029-04-28;1;Amortissement constant;0
009613;MA0000096133;Obl CTM 28052024 4 32 a 5 ans;CTM SA;Obligation;100000;0.0432;2024-05-28;2029-05-28;1;Amortissement constant;0
009086;MA0000090862;"Ob BMCE ""C"" 030609";BOA;Oblig. subordonnee;100000;0.053;2009-06-03;2029-06-03;1;In fine;0
009087;MA0000090870;"Ob BMCE ""D"" 030609";BOA;Oblig. subordonnee;100000;0.0451;2009-06-03;2029-06-03;1;In fine;0
009396;MA0000093965;Obl ANP du 04062019 3 02 10 ans;ANP;Obligation;100000;0.0302;2019-06-04;2029-06-04;1;Amortissement constant;0
009685;MA0000096851;Obl AUTO NEJMA B 040625 2 74 4 ans;AUTO NEJMA;Obligation;100000;0.0274;2025-06-04;2029-06-04;2;Amortissement constant;0
009686;MA0000096869;Obl AUTO NEJMA C 040625 2 85 4 ans;AUTO NEJMA;Obligation;100000;0.0285;2025-06-04;2029-06-04;1;Amortissement constant;0
009540;MA0000095408;Obl ANP 23062022 2 61 7 ans;ANP;Obligation;100000;0.0261;2022-06-23;2029-06-23;1;Amortissement constant;0
005154;MA0000051542;OBL FT SOFAC AUTO LEASE II;FT SOFAC AUTO LE;FPCT;100000;0.0335;2024-12-17;2029-06-27;4;Amortissement constant;0
009623;MA0000096232;Obl SUB SOFAC 27062024 4 25;SOFAC CREDIT;Oblig. subordonnee;100000;0.0425;2024-06-27;2029-06-27;1;In fine;0
100946;MA0001009465;BSF WAFASALAF 280624 3 99 5 ans;WAFASALAF;TCN;100000;0.0399;2024-06-28;2029-06-28;1;In fine;0
009091;MA0000090912;Obl ADM130709 4,86;ADM;Obligation;100000;0.0486;2009-07-13;2029-07-13;1;In fine;0
009548;MA0000095481;Obl OD MAROC 27072022 3 48 7 ans;OD MAROC;Obligation;100000;0.0348;2022-07-27;2029-07-27;4;Amortissement constant;0
100956;MA0001009564;BSF SOFAC 22082024 3 61 a 5 ans;SOFAC CREDIT;TCN;100000;0.0361;2024-08-22;2029-08-22;1;Amortissement constant;0
005163;MA0000051633;OBL FT AUTO MOBILITY;AUTO MOBILITY;FPCT;100000;0.0327;2025-04-30;2029-09-20;4;Amortissement constant;0
005155;MA0000051559;Part Residuelle FT SOFAC AUTO LEASE;FT SOFAC AUTO LE;FPCT;5003201.47;;2024-12-17;2029-09-27;1;In fine;0
100958;MA0001009580;BSF WAFASALAF 01102024 3 50 5 ans;WAFASALAF;TCN;100000;0.035;2024-10-01;2029-10-01;1;In fine;0
152548;MA0001525486;CD CFG BANK 01102023 4 30 6 ans;CFG BANK;TCN;100000;0.043;2022-10-19;2029-10-01;1;In fine;0
152544;MA0001525445;CD CFG BANK 03102022 4 20 a 7 ans;CFG BANK;TCN;100000;0.042;2022-10-03;2029-10-03;1;In fine;0
101011;MA0001010117;BSF WAFABAIL 06102025 2 86 4 Ans;WAFABAIL;TCN;100000;0.0286;2025-10-06;2029-10-06;1;In fine;0
153013;MA0001530130;CD CFG BANK 11102024 3 25 5 ans;CFG BANK;TCN;100000;0.0325;2024-10-11;2029-10-11;1;In fine;0
153014;MA0001530148;CD CFG BANK 11102024 3 50 5 ans;CFG BANK;TCN;100000;0.035;2024-10-11;2029-10-11;1;In fine;0
101014;MA0001010141;BSF SALAFIN 17102025 2 96 4 Ans;SALAFIN;TCN;100000;0.0296;2025-10-17;2029-10-17;1;In fine;0
009562;MA0000095622;OBL COMMUNE AGADIR 24102022 4 69;COMMUNE AGADIR;Obligation;100000;0.0469;2022-10-24;2029-10-24;1;Amortissement constant;0
152557;MA0001525577;CD CDG CAPITAL 26102022 3 55 7 ans;CDG K E;TCN;100000;0.0355;2022-10-26;2029-10-26;1;In fine;0
009408;MA0000094088;Obl SUB CAM A 28102019 5 78 TR;CAM E;Oblig. subordonnee;100000;0.0578;2019-10-28;2029-10-28;1;In fine;0
009409;MA0000094096;Obl SUB CAM B 28102019 5 11 TR;CAM E;Oblig. subordonnee;100000;0.0511;2019-10-28;2029-10-28;1;In fine;0
101017;MA0001010174;BSF SAHAM LEASING 30102025 3 08 4 A;SAHAM LEASING;TCN;100000;0.0308;2025-10-30;2029-10-30;1;In fine;0
153031;MA0001530312;CD CFG BANK 30102024 3 25 5 ans;CFG BANK;TCN;100000;0.0325;2024-10-30;2029-10-30;1;In fine;0
100964;MA0001009648;BSF WAFASALAF 01112024 3 43 5 ans;WAFASALAF;TCN;100000;0.0343;2024-11-01;2029-11-01;1;In fine;0
009413;MA0000094138;ObL AL OMRANE A 081119 4 10 10 ans;AL OMRANE;Obligation;100000;0.041;2019-11-08;2029-11-08;1;Amortissement constant;0
009414;MA0000094146;ObL AL OMRANE B 081119 3 44 10 ans;AL OMRANE;Obligation;100000;0.0344;2019-11-08;2029-11-08;1;Amortissement constant;0
101019;MA0001010190;BSF MAGHREBAIL 12112025 2 93 4 Ans;MAGHREBAIL;TCN;100000;0.0293;2025-11-12;2029-11-12;1;Amortissement constant;0
009096;MA0000090961;Obl ADM261109 4,92;ADM;Obligation;100000;0.0492;2009-11-26;2029-11-26;1;In fine;0
101020;MA0001010208;BSF WAFABAIL 01122025 3 02 4 Ans;WAFABAIL;TCN;100000;0.0302;2025-12-01;2029-12-01;1;In fine;0
100968;MA0001009689;BSF MAGHREBAIL 05122024 3 42 5 ans;MAGHREBAIL;TCN;100000;0.0342;2024-12-05;2029-12-05;1;Amortissement constant;0
009240;MA0000092405;Obl FEC A 081214 4 32;FEC;Obligation;100000;0.0432;2014-12-08;2029-12-08;1;In fine;0
009640;MA0000096406;OBL MUTANDIS 11122024 3 93 a 5 ans;MUTANDIS SCA;Obligation;100000;0.0393;2024-12-11;2029-12-11;1;Amortissement constant;0
009641;MA0000096414;OBL MUTANDIS 11122024 4 12 a 5 ans;MUTANDIS SCA;Obligation;100000;0.0412;2024-12-11;2029-12-11;1;Amortissement constant;0
009757;MA0000097578;OBL RCI FIN MAR TR C 171225 2 94;RCI;Obligation;100000;0.0294;2025-12-17;2029-12-17;4;In fine;0
009426;MA0000094260;ObL SUB CAM 231219 3 71 a 10 ans;CAM E;Oblig. subordonnee;100000;0.0371;2019-12-23;2029-12-23;1;In fine;0
009425;MA0000094252;OBL SUB BCP D 261219 3 28 a 10 ans;BCP E;Oblig. subordonnee;100000;0.0328;2019-12-26;2029-12-26;1;In fine;0
005134;MA0000051344;OBL FT PRIMACRED 28122022 3 95 7ans;FT PRIMACRED;FPCT;100000;0.0395;2022-12-28;2029-12-30;4;Amortissement constant;0
005135;MA0000051351;OBL FT PRIMACRED 28122022 7 ans;FT PRIMACRED;FPCT;24004.34;;2022-12-28;2029-12-30;1;In fine;0
009656;MA0000096562;Obl LABEL VIE TR A 30122024 3 68;LABEL VIE;Obligation;100000;0.0368;2024-12-30;2029-12-30;1;In fine;0
009657;MA0000096570;Obl LABEL VIE TR B 30122024 3 90;LABEL VIE;Obligation;100000;0.039;2024-12-30;2029-12-30;1;In fine;0
101023;MA0001010232;BSF WAFABAIL 05012026 2 94 4 Ans;WAFABAIL;TCN;100000;0.0294;2026-01-05;2030-01-05;1;In fine;0
009668;MA0000096687;Obl AFRIQUIA GAZ SA 230125 3 63;AFRIQUIA GAZ;Obligation;100000;0.0363;2025-01-23;2030-01-23;1;In fine;0
009432;MA0000094328;Obl Alliance darna 310120 3 10 ans;ALLIANCES DARNA;Obligation;100;0.03;2020-01-31;2030-01-31;1;Amortissement constant;0
009433;MA0000094336;Obl Alliance darna 310120 2 91;ALLIANCES DARNA;Oblig. subordonnee;100;0.0291;2020-01-31;2030-01-31;1;Amortissement constant;0
009434;MA0000094344;Obl ADI  TRA A 31012020 3 10 ans;ADI;Obligation;100;0.03;2020-01-31;2030-01-31;1;Amortissement constant;0
009435;MA0000094351;Obl ADI  TRA B 31012020 2 91 10 ans;ADI;Obligation;100;0.0291;2020-01-31;2030-01-31;1;Amortissement constant;150
100973;MA0001009739;BSF SOFAC 31012025 3 22 a 5 ans;SOFAC CREDIT;TCN;100000;0.0322;2025-01-31;2030-01-31;1;Amortissement constant;0
101026;MA0001010265;BSF EQDOM 04022026 3 34 4 Ans;SEDM;TCN;100000;0.0334;2026-02-02;2030-02-04;1;In fine;0
100976;MA0001009762;BSF SALAFIN 120225 3 44 a 5 ans;SALAFIN;TCN;100000;0.0344;2025-02-12;2030-02-12;1;In fine;0
100980;MA0001009804;BSF SOFAC 28022025 3 25 5 ans;SOFAC CREDIT;TCN;100000;0.0325;2025-02-28;2030-02-28;1;Amortissement constant;0
100982;MA0001009820;BSF MAGHREBAIL 03032025 3 31 5 ans;MAGHREBAIL;TCN;100000;0.0331;2025-03-03;2030-03-03;1;Amortissement constant;0
009575;MA0000095754;Obl Label vie C 16032023 4 26 7 ans;LABEL VIE;Obligation;100000;0.0426;2023-03-16;2030-03-16;1;Amortissement constant;0
100988;MA0001009887;BSF WAFASALAF 28032025 3 14 5 ans;WAFASALAF;TCN;100000;0.0314;2025-03-28;2030-03-28;1;In fine;0
101034;MA0001010349;BSF RCI FIN MAROC TR B 220426 3 51;RCI;TCN;100000;0.0351;2026-04-21;2030-04-22;1;In fine;0
009102;MA0000091027;Obl ADM260410 4,96;ADM;Obligation;100000;0.0496;2010-04-26;2030-04-26;1;In fine;0
009103;MA0000091035;Obl ADM260410 4,97;ADM;Obligation;100000;0.0497;2010-04-26;2030-04-26;1;In fine;0
100990;MA0001009903;BSF MAGHREBAIL 28042025 3 04 5 ans;MAGHREBAIL;TCN;100000;0.0304;2025-04-28;2030-04-28;1;Amortissement constant;0
153078;MA0001530783;CD CIH 30042025 2 92 5 ans;CIH E;TCN;100000;0.0292;2025-04-30;2030-04-30;1;In fine;0
009444;MA0000094443;OBL AL MADA du 110520 3 44 10 ans;AL MADA;Obligation;100000;0.0344;2020-05-11;2030-05-11;1;In fine;0
009452;MA0000094526;Obl ONDA du 09062020 3 67 10 ans;ONDA;Obligation;100000;0.0367;2020-06-09;2030-06-09;1;Amortissement constant;0
009252;MA0000092520;Obl ADM C du 100615 4 45;ADM;Obligation;100000;0.0445;2015-06-10;2030-06-10;1;In fine;0
100993;MA0001009937;BSF SOFAC 13062025 2 80 5 ans;SOFAC CREDIT;TCN;100000;0.028;2025-06-13;2030-06-13;1;Amortissement constant;0
100995;MA0001009952;BSF MAGHREBAIL 180625 2 82 5 ans;MAGHREBAIL;TCN;100000;0.0282;2025-06-18;2030-06-18;1;Amortissement constant;0
009693;MA0000096935;OBL ONEE TR A 23062025 3 41 5 ans;ONEE;Obligation;100000;0.0341;2025-06-23;2030-06-23;1;In fine;0
009694;MA0000096943;OBL ONEE TR B 23062025 3 10 5 ans;ONEE;Obligation;100000;0.031;2025-06-23;2030-06-23;1;In fine;0
009456;MA0000094567;ObL AL OMRANE A 020720 3 33 10 ans;AL OMRANE;Obligation;100000;0.0333;2020-07-02;2030-07-02;1;Amortissement constant;0
009457;MA0000094575;ObL AL OMRANE B 020720 3 84 10 ans;AL OMRANE;Obligation;100000;0.0384;2020-07-02;2030-07-02;1;Amortissement constant;0
009458;MA0000094583;Obl AL OMRANE C 020720 4 14 10 ans;AL OMRANE;Obligation;100000;0.0414;2020-07-02;2030-07-02;1;In fine;0
009263;MA0000092637;ObL FEC B 130715 4 60;FEC;Obligation;100000;0.046;2015-07-13;2030-07-13;1;In fine;0
151681;MA0001516816;CD FEC 130715 4 60;FEC;TCN;100000;0.046;2015-07-13;2030-07-13;1;In fine;0
009716;MA0000097164;OBL HYPER SA LABEL VIE 15072025 3 3;LABEL VIE;Obligation;100000;0.0331;2025-07-15;2030-07-15;1;In fine;0
009719;MA0000097198;Obl LABEL VIE TR A 15072025 3 00;LABEL VIE;Obligation;100000;0.03;2025-07-15;2030-07-15;1;In fine;0
009585;MA0000095853;ObL ARADEI CAP C 210723 5 01 7 ans;ARADEI CAPITAL;Obligation;100000;0.0501;2023-07-21;2030-07-21;1;Amortissement constant;0
009586;MA0000095861;ObL ARADEI CAP D 210723 4 48 7 ans;ARADEI CAPITAL;Obligation;100000;0.0448;2023-07-21;2030-07-21;1;Amortissement constant;0
009265;MA0000092652;ObL ONCF D 280715 4 97 15 ans;ONCF;Obligation;100000;0.0497;2015-07-28;2030-07-28;1;In fine;0
100999;MA0001009994;BSF WAFASALAF 28072025 2 9 5 Ans;WAFASALAF;TCN;100000;0.029;2025-07-28;2030-07-28;1;In fine;0
009720;MA0000097206;OBL ADM 31072025 3 21 5 ans;ADM;Obligation;100000;0.0321;2025-07-31;2030-07-31;1;In fine;0
009721;MA0000097214;OBL ADM 31072025 2 90 5 ans;ADM;Obligation;100000;0.029;2025-07-31;2030-07-31;1;In fine;0
101000;MA0001010000;BSF SOGELEASE 05082025 3 00 5 Ans;SAHAM LEASING;TCN;100000;0.03;2025-08-01;2030-08-05;1;In fine;0
101004;MA0001010042;BSF MAGHREBAIL 110825 2 84 5 ans;MAGHREBAIL;TCN;100000;0.0284;2025-08-11;2030-08-11;1;Amortissement constant;0
101006;MA0001010067;BSF SOFAC CREDIT 12082025 2 82 05 A;SOFAC CREDIT;TCN;100000;0.0282;2025-08-12;2030-08-12;1;Amortissement constant;0
009726;MA0000097263;OBL Univ Moh VI poly TR A 190825;Univ Mohammed VI;Obligation;100000;0.029;2025-08-19;2030-08-19;1;In fine;0
005181;MA0000051815;OBL FT AUTO MOBILITY 31032026 3 26;AUTO MOBILITY;FPCT;100000;0.0326;2026-03-31;2030-09-20;4;Amortissement constant;0
009587;MA0000095879;ObL AL OMRANE A 210923 4 34 7 ans;AL OMRANE;Obligation;100000;0.0434;2023-09-21;2030-09-21;1;Amortissement constant;0
009588;MA0000095887;ObL AL OMRANE B 210923 4 85 7 ans;AL OMRANE;Obligation;100000;0.0485;2023-09-21;2030-09-21;1;Amortissement constant;0
152378;MA0001523788;CD CFG BANK 300921 3 a 9 ans;CFG BANK;TCN;100000;0.03;2021-05-21;2030-09-30;1;In fine;0
005142;MA0000051427;OBL FT SYNTHESIUM A2 19122023 TR;FT SYNTHESIUM;FPCT;100000;0.0431;2023-12-19;2030-10-05;1;In fine;0
101013;MA0001010133;BSF WAFASALAF 10102025 2 98 5 Ans;WAFASALAF;TCN;100000;0.0298;2025-10-10;2030-10-10;1;In fine;0
009050;MA0000090508;Obl ADM 131005 416;ADM;Obligation;56000;0.0416;2005-10-13;2030-10-13;1;Annuite constante;0
101015;MA0001010158;BSF SOGELEASE 16102025 3 08 5 A;SAHAM LEASING;TCN;100000;0.0308;2025-10-16;2030-10-16;1;In fine;0
153123;MA0001531237;CD CIH 23102025 2 58 5 ANS;CIH E;TCN;100000;0.0258;2025-10-23;2030-10-23;1;In fine;0
153125;MA0001531252;CD CIH 23102025 2 95 5 ANS;CIH E;TCN;100000;0.0295;2025-10-23;2030-10-23;1;In fine;0
153122;MA0001531229;CD CAM 24102025 3 10 5 ans;CAM E;TCN;100000;0.031;2025-10-24;2030-10-24;1;In fine;0
009731;MA0000097313;OBL ONE TR A 28102025 3 5 5 ans;ONEE;Obligation;100000;0.035;2025-10-28;2030-10-28;1;In fine;0
009732;MA0000097321;OBL ONE TR B 28102025 3 14 5 ans;ONEE;Obligation;100000;0.0314;2025-10-28;2030-10-28;1;In fine;0
101018;MA0001010182;BSF WAFASALAF 10112025 3 12 5 Ans;WAFASALAF;TCN;100000;0.0312;2025-11-10;2030-11-10;1;In fine;0
009744;MA0000097446;OBL SCIF 12112025 4 02 5 ans;SCIF;Obligation;100000;0.0402;2025-11-12;2030-11-12;1;Amortissement constant;0
005174;MA0000051740;OBL FT SOFAC AL III 27112025 2 94;FT SOFAC AL III;FPCT;100000;0.0294;2025-11-27;2030-11-27;4;Amortissement constant;0
005175;MA0000051757;Part Residuelle FT SOFAC AL III;SOFAC CREDIT;FPCT;8046668.15;;2025-11-27;2030-11-27;1;In fine;0
009118;MA0000091183;Obl ADM A 291110 4 65 20 ans;ADM;Obligation;100000;0.0465;2010-11-29;2030-11-29;1;In fine;0
009119;MA0000091191;Obl ADM B 291110 4 75 20 ans;ADM;Obligation;100000;0.0475;2010-11-29;2030-11-29;1;In fine;0
009120;MA0000091209;Obl ADM C 291110 4 78 20 ans;ADM;Obligation;100000;0.0478;2010-11-29;2030-11-29;1;In fine;0
009121;MA0000091217;Obl ADM D 291110 4 79 20 ans;ADM;Obligation;100000;0.0479;2010-11-29;2030-11-29;1;In fine;0
009477;MA0000094773;ObL TC3PC C 071220 3 57 10 ans;TC3PC;Obligation;100000;0.0357;2020-12-07;2030-12-07;1;Amortissement constant;0
009478;MA0000094781;ObL TC3PC D 071220 3 05 10 ans;TC3PC;Obligation;100000;0.0305;2020-12-07;2030-12-07;1;Amortissement constant;0
009749;MA0000097495;OBL OCP NUTRICROPS TR A 151225 2 92;OCP NUTRICROPS;Obligation;100000;0.0292;2025-12-15;2030-12-15;1;In fine;0
153138;MA0001531385;CD SAHAM BANK 16122025 2 0 5 Ans;SAHAM BANK E;TCN;100000;0.02;2025-12-16;2030-12-16;1;In fine;0
009599;MA0000095994;Obl SUB VIVALIS 28122023 4 89 7 ans;VIVALIS SALAF;Oblig. subordonnee;100000;0.0489;2023-12-28;2030-12-28;1;In fine;0
009600;MA0000096000;Obl SUB WAFASALAF 28122023 4 39;WAFASALAF;Oblig. subordonnee;100000;0.0439;2023-12-28;2030-12-28;1;In fine;0
009601;MA0000096018;Obl SUB WAFASALAF 28122023 3 68 TR;WAFASALAF;Oblig. subordonnee;100000;0.0368;2023-12-28;2030-12-28;1;In fine;0
009492;MA0000094922;Obl SUB BCP A TR 301220 2 17;BCP E;Oblig. subordonnee;100000;0.0217;2020-12-30;2030-12-30;1;In fine;0
009280;MA0000092801;Obl MAGHREB STEEL TR B du 301215;MAGHREB STEEL;Obligation;100000;0;2015-12-30;2030-12-31;2;In fine;0
101025;MA0001010257;BSF SOFAC CREDIT 27012026 3 21 5 An;SOFAC CREDIT;TCN;100000;0.0321;2026-01-27;2031-01-27;1;Amortissement constant;0
101028;MA0001010281;BSF SOFAC CREDIT 30012026 3 30 05 A;SOFAC CREDIT;TCN;100000;0.033;2026-01-30;2031-01-30;1;Amortissement constant;0
009673;MA0000096737;OBL ADDOHA TR A 250225 TF 5 79;DOUJA PROM ADD;Obligation;12500;0.0579;2025-02-25;2031-02-25;1;Amortissement constant;0
009674;MA0000096745;ObL ADDOHA TR B 250225 TV 5 58;DOUJA PROM ADD;Obligation;12500;0.0558;2025-02-25;2031-02-25;1;Amortissement constant;0
009675;MA0000096752;ObL ADDOHA TR D 250225 TV 5 58;DOUJA PROM ADD;Obligation;12500;0.0558;2025-02-25;2031-02-25;1;Amortissement constant;0
009499;MA0000094997;OBL SUB CDG K 09032021 3 14 10 ans;CDG K E;Oblig. subordonnee;100000;0.0314;2021-03-09;2031-03-09;1;In fine;0
005009;MA0000050098;FPCT CREDLOGIII A2;MGT III;FPCT;100000;0.0542;2008-12-22;2031-03-14;4;In fine;0
005010;MA0000050106;FPCT CREDILOGIII B;MGT III;FPCT;62921.35;0.0539;2008-12-22;2031-03-14;4;Annuite constante;0
009608;MA0000096083;Obl BEST FINACIERE 010424 4 35 7ans;BEST FINANCIERE;Obligation;100000;0.0435;2024-04-01;2031-04-01;1;Amortissement constant;0
009133;MA0000091332;Obl ADM B du 180411 4 55 20 ans;ADM;Obligation;100000;0.0455;2011-04-18;2031-04-18;1;In fine;0
009134;MA0000091340;Obl ADM B du 180411 4 58 20 ans;ADM;Obligation;100000;0.0458;2011-04-18;2031-04-18;1;In fine;0
152963;MA0001529637;CD CFG BANK 230625 4 50 6 ans;CFG BANK;TCN;100000;0.045;2024-07-01;2031-06-23;1;In fine;0
005106;MA0000051062;Obl FT MIFTAH COMP II A1;COMPMIFT FON II;FPCT;100000;0.0303;2019-12-09;2031-06-24;4;Amortissement constant;0
009620;MA0000096208;ObL AL OMRANE A 260624 4 66 7 ans;AL OMRANE;Obligation;100000;0.0466;2024-06-26;2031-06-26;1;In fine;0
009626;MA0000096265;Obl SUB ATW 280624 3 96 a 7 ans;ATW E;Oblig. subordonnee;100000;0.0396;2024-06-28;2031-06-28;1;Amortissement constant;0
009627;MA0000096273;Obl SUB ATW 28062024 3 61 a 7 ans;ATW E;Oblig. subordonnee;100000;0.0361;2024-06-28;2031-06-28;1;Amortissement constant;0
009628;MA0000096281;ObL HAYAN IMMO TF 110724 5 45 7 ans;HAYAN IMMO SA;Obligation;100000;0.0545;2024-07-11;2031-07-11;4;Amortissement constant;0
009629;MA0000096299;ObL HAYAN IMMO TR 110724 5 05 7 ans;HAYAN IMMO SA;Obligation;100000;0.0505;2024-07-11;2031-07-11;4;Amortissement constant;0
009294;MA0000092942;Obl FEC du 13102016 3 25 15 ans;FEC;Obligation;100000;0.0325;2016-10-13;2031-10-13;1;Amortissement constant;0
009295;MA0000092959;OBL FEC du 13102016 3 92 15 ans;FEC;Obligation;100000;0.0392;2016-10-13;2031-10-13;1;Amortissement constant;0
009143;MA0000091431;Obl ADM B du 241011 4 59 20 ans;ADM;Obligation;100000;0.0459;2011-10-24;2031-10-24;1;In fine;0
009144;MA0000091449;Obl ADM B du 241011 4 60 20 ans;ADM;Obligation;100000;0.046;2011-10-24;2031-10-24;1;In fine;0
009145;MA0000091456;Obl ADM B du 241011 4 62 20 ans;ADM;Obligation;100000;0.0462;2011-10-21;2031-10-24;1;In fine;0
009146;MA0000091464;Obl ADM B du 241011 4 64 20 ans;ADM;Obligation;100000;0.0464;2011-10-24;2031-10-24;1;In fine;0
005129;MA0000051294;OBL FT RELEVIUM I 14012022 TR;FT RELEVIUM I;FPCT;100000;0.0001;2022-01-14;2031-12-02;1;In fine;0
005130;MA0000051302;OBL FT RELEVIUM CI R 14012022;FT RELEVIUM I;FPCT;303067.78;;2022-01-14;2031-12-02;1;In fine;0
005144;MA0000051443;FT SYNTHESIUM Part Residuelle A1;FT SYNTHESIUM;FPCT;4355529;0.0001;2023-12-19;2031-12-02;1;In fine;0
005145;MA0000051450;FT SYNTHESIUM Part Residuelle A2;FT SYNTHESIUM;FPCT;4082067;0.0001;2023-12-19;2031-12-02;1;In fine;0
005146;MA0000051468;FT SYNTHESIUM Part Residuelle A3;FT SYNTHESIUM;FPCT;6359257;0.0001;2023-12-19;2031-12-02;1;In fine;0
005148;MA0000051484;OBL FT SYNTHESIUM A3 19122023;FT SYNTHESIUM;FPCT;100000;0.0513;2023-12-19;2031-12-02;1;In fine;0
009526;MA0000095267;Obl SUB CFG 23122021 2 42 10 ans;CFG BANK;Oblig. subordonnee;100000;0.0242;2021-12-23;2031-12-23;1;In fine;0
009527;MA0000095275;Obl SUB CFG 23122021 3 22 10 ans;CFG BANK;Oblig. subordonnee;100000;0.0322;2021-12-23;2031-12-23;1;In fine;0
009648;MA0000096489;Obl MADAEF TR A 24122024 3 46;MADAEF;Obligation;100000;0.0346;2024-12-24;2031-12-24;1;Amortissement constant;0
009649;MA0000096497;OBL MADAEF TR B 24122024 3 83 7 ans;MADAEF;Obligation;100000;0.0383;2024-12-24;2031-12-24;1;Amortissement constant;0
009651;MA0000096513;Obl SUB ATW 26122024 3 53 a 7 ans;ATW E;Oblig. subordonnee;100000;0.0353;2024-12-26;2031-12-26;1;Amortissement constant;0
009652;MA0000096521;Obl SUB ATW 26122024 3 23 a 7 ans;ATW E;Oblig. subordonnee;100000;0.0323;2024-12-26;2031-12-26;1;Amortissement constant;0
009653;MA0000096539;Obl SUB WAFASALAF 26122024 3 38;WAFASALAF;Oblig. subordonnee;100000;0.0338;2024-12-26;2031-12-26;1;In fine;0
009654;MA0000096547;Obl SUB WAFASALAF 26122024 3 84;WAFASALAF;Oblig. subordonnee;100000;0.0384;2024-12-26;2031-12-26;1;In fine;0
009658;MA0000096588;OBL LABEL VIE TR C 30122024 3 58;LABEL VIE;Obligation;100000;0.0358;2024-12-30;2031-12-30;1;Amortissement constant;0
009659;MA0000096596;OBL LABEL VIE TR D 30122024 3 80;LABEL VIE;Obligation;100000;0.038;2024-12-30;2031-12-30;1;Amortissement constant;0
009661;MA0000096612;Obl VIVALIS 31122024 4 16 a 7 ans;VIVALIS SALAF;Oblig. subordonnee;100000;0.0416;2024-12-31;2031-12-31;1;In fine;0
009671;MA0000096711;OBL JETCONTRACTORS TR A 180225 4 13;JET CONTRACTORS;Obligation;100000;0.0413;2025-02-18;2032-02-18;1;Amortissement constant;0
009672;MA0000096729;OBL JETCONTRACTORS TR B 180225 3 90;JET CONTRACTORS;Obligation;100000;0.039;2025-02-18;2032-02-18;1;Amortissement constant;0
009676;MA0000096760;Obl SAHAM FINANCES 27022025 3 28;SAHAM FINANCES;Obligation;100000;0.0328;2025-02-27;2032-02-27;1;In fine;0
009677;MA0000096778;Obl SAHAM FINANCES 27022025 3 67;SAHAM FINANCES;Obligation;100000;0.0367;2025-02-27;2032-02-27;1;In fine;0
009678;MA0000096786;OBL AL OMRANE TR A 090425 3 94 7 an;AL OMRANE;Obligation;100000;0.0394;2025-04-09;2032-04-09;1;In fine;0
009156;MA0000091563;Obl ADM B1 du 160412 4 69 20 ans;ADM;Obligation;100000;0.0469;2012-04-16;2032-04-16;1;In fine;0
009157;MA0000091571;Obl ADM B2 du 160412 4 74 20 ans;ADM;Obligation;100000;0.0474;2012-04-16;2032-04-16;1;In fine;0
009158;MA0000091589;Obl ADM B3 du 160412 4 75 20 ans;ADM;Obligation;100000;0.0475;2012-04-16;2032-04-16;1;In fine;0
009159;MA0000091597;Obl ADM B4 du 160412 4 80 20 ans;ADM;Obligation;100000;0.048;2012-04-16;2032-04-16;1;In fine;0
009160;MA0000091605;Obl ADM B5 du 160412 4 89 20 ans;ADM;Obligation;100000;0.0489;2012-04-16;2032-04-16;1;In fine;0
009161;MA0000091613;Obl ADM B6 du 160412 4 90 20 ans;ADM;Obligation;100000;0.049;2012-04-16;2032-04-16;1;In fine;0
009162;MA0000091621;Obl ADM B7 du 164012 4 95 20 ans;ADM;Obligation;100000;0.0495;2012-04-16;2032-04-16;1;In fine;0
009163;MA0000091639;Obl ADM B8 du 160412 4 99 20 ans;ADM;Obligation;100000;0.0499;2012-04-16;2032-04-16;1;In fine;0
009164;MA0000091647;Obl ADM B9 du 160412 5 00 20 ans;ADM;Obligation;100000;0.05;2012-04-16;2032-04-16;1;In fine;0
009168;MA0000091688;ObL TANGER MED 2 TR B 160512 5 01;TANGER MED  SA;Obligation;100000;0.0501;2012-05-16;2032-05-16;1;In fine;0
009323;MA0000093239;Obl ADM C du 18052017 3 50 15 ans;ADM;Obligation;100000;0.035;2017-05-18;2032-05-18;1;Amortissement constant;0
009324;MA0000093247;Obl ADM C du 18052017 3 53 15 ans;ADM;Obligation;100000;0.0353;2017-05-18;2032-05-18;1;Amortissement constant;0
009681;MA0000096810;Obl JET CONTRACTORS 260525 3 79;JET CONTRACTORS;Obligation;100000;0.0379;2025-05-26;2032-05-26;1;Amortissement constant;0
009682;MA0000096828;Obl JET CONTRACTORS 260525 3 53;JET CONTRACTORS;Obligation;100000;0.0353;2025-05-26;2032-05-26;1;Amortissement constant;0
009683;MA0000096836;Obl HOLDEG 280525 4 00 7 ans;Hold GENE EDU;Obligation;100000;0.04;2025-05-28;2032-05-28;1;Amortissement constant;0
009541;MA0000095416;OBL SUB BOA 29062022 2 57 10 ans;BOA;Oblig. subordonnee;100000;0.0257;2022-06-29;2032-06-29;1;In fine;0
009536;MA0000095366;OCA OLEA CAPITAL 22042022 4 50;OLEA CAPITAL;Oblig. convertible;100;0.045;2022-04-22;2032-06-30;1;In fine;0
009704;MA0000097040;OBL SUB WAFASALAF 300625 3 38;WAFASALAF;Oblig. subordonnee;100000;0.0338;2025-06-30;2032-06-30;1;In fine;0
009705;MA0000097057;OBL SUB WAFASALAF 300625 2 88;WAFASALAF;Oblig. subordonnee;100000;0.0288;2025-06-30;2032-06-30;1;In fine;0
009707;MA0000097073;OBL SUB ATW 300625 3 07 7 ans;ATW E;Oblig. subordonnee;100000;0.0307;2025-06-30;2032-06-30;1;Amortissement constant;0
009708;MA0000097081;OBL SUB ATW 300625 2 73 7 ans;ATW E;Oblig. subordonnee;100000;0.0273;2025-06-30;2032-06-30;1;Amortissement constant;0
009714;MA0000097149;OBL MARJANE HOLDING 07072025 3 10;MARJANE HOLDING;Obligation;100000;0.031;2025-07-07;2032-07-07;1;Amortissement constant;0
009710;MA0000097107;OBL BUILDING LOG TR A 08072025 3 54;BUILDING LOGIST;Obligation;100000;0.0354;2025-07-08;2032-07-08;1;Amortissement constant;0
009711;MA0000097115;OBL BUILDING LOG TR B 08072025 3 74;BUILDING LOGIST;Obligation;100000;0.0374;2025-07-08;2032-07-08;1;In fine;0
009712;MA0000097123;OBL BUILDING LOG TR C 08072025 3 84;BUILDING LOGIST;Obligation;100000;0.0384;2025-07-08;2032-07-08;1;Amortissement constant;0
009713;MA0000097131;OBL BUILDING LOG TR D 08072025 4 19;BUILDING LOGIST;Obligation;100000;0.0419;2025-07-08;2032-07-08;1;In fine;0
009715;MA0000097156;OBL HYPER SA LABEL VIE 15072025 3 1;LABEL VIE;Obligation;100000;0.0319;2025-07-15;2032-07-15;1;Amortissement constant;0
009718;MA0000097180;OBL HYPER SA LABEL VIE 15072025 2 9;LABEL VIE;Obligation;100000;0.029;2025-07-15;2032-07-15;1;Amortissement constant;0
009546;MA0000095465;Obl SUB CAM B 20072022 3 18 10 ans;CAM E;Oblig. subordonnee;100000;0.0318;2022-07-20;2032-07-20;1;In fine;0
009547;MA0000095473;Obl SUB CAM C 20072022 2 61 10 ans;CAM E;Oblig. subordonnee;100000;0.0261;2022-07-20;2032-07-20;1;In fine;0
009722;MA0000097222;OBL ADM 31072025 3 19 7 ans;ADM;Obligation;100000;0.0319;2025-07-31;2032-07-31;1;Amortissement constant;0
009723;MA0000097230;OBL ADM 31072025 2 90 5 ans;ADM;Obligation;100000;0.029;2025-07-31;2032-07-31;1;Amortissement constant;0
101005;MA0001010059;BSF MAGHREBAIL 110825 3 02 7 ans;MAGHREBAIL;TCN;100000;0.0302;2025-08-11;2032-08-11;1;Amortissement constant;0
009727;MA0000097271;OBL Univ Moh VI poly TR B 19082025;Univ Mohammed VI;Obligation;100000;0.0308;2025-08-19;2032-08-19;1;In fine;0
009343;MA0000093437;Obl ADM B du 24102017 4 18 15 ans;ADM;Obligation;100000;0.0418;2017-10-24;2032-10-24;1;In fine;0
009561;MA0000095614;Obl SUB CFG BANK 241022 3 27 10 ans;CFG BANK;Oblig. subordonnee;100000;0.0327;2022-10-24;2032-10-24;1;In fine;0
009563;MA0000095630;Obl COMMUNE AGADIR 241022 4 87 10;COMMUNE AGADIR;Obligation;100000;0.0487;2022-10-24;2032-10-24;1;Amortissement constant;0
009736;MA0000097362;OBL AFRI FEED FOOD TR A 271025 4 21;AFRICA FEED FOOD;Obligation;100000;0.0421;2025-10-27;2032-10-27;2;Amortissement constant;0
009737;MA0000097370;OBL AFRI FEED FOOD TR B 271025 4 03;AFRICA FEED FOOD;Obligation;100000;0.0403;2025-10-27;2032-10-27;2;Amortissement constant;0
009738;MA0000097388;OBL AKDITAL 10112025 3 26 7 Ans;AKDITAL;Obligation;100000;0.0326;2025-11-10;2032-11-10;1;In fine;0
009739;MA0000097396;OBL AKDITAL 10112025 3 73 7 Ans;AKDITAL;Obligation;100000;0.0373;2025-11-10;2032-11-10;1;In fine;0
009740;MA0000097404;OBL AKDITAL 10112025 3 16 7 Ans;AKDITAL;Obligation;100000;0.0316;2025-11-10;2032-11-10;1;Amortissement constant;0
009741;MA0000097412;OBL AKDITAL 10112025 3 52 7 Ans;AKDITAL;Obligation;100000;0.0352;2025-11-10;2032-11-10;1;Amortissement constant;0
009742;MA0000097420;OBL CMGP GROUP 17112025 3 6 7 Ans;CMGP GROUP;Obligation;100000;0.036;2025-11-17;2032-11-17;1;Amortissement constant;0
009743;MA0000097438;OBL CMGP GROUP 17112025 3 81 7 Ans;CMGP GROUP;Obligation;100000;0.0381;2025-11-17;2032-11-17;1;In fine;0
009351;MA0000093510;Obl FEC B du 06122017 3 93 15 ans;FEC;Obligation;100000;0.0393;2017-12-06;2032-12-06;1;Amortissement constant;0
009353;MA0000093536;Obl FEC D du 06122017 2 97 15 ans;FEC;Obligation;100000;0;2017-12-06;2032-12-06;1;Amortissement constant;0
009187;MA0000091878;Obl ADM B du 101212 5 38 20 ans;ADM;Obligation;100000;0.0538;2012-12-10;2032-12-10;1;In fine;0
005176;MA0000051765;Part residuelle FT LIXUS 231225;FT LIXUS;FPCT;110000;;2025-12-23;2032-12-23;1;In fine;0
005177;MA0000051773;OBL FT LIXUS 23122025 7 Ans;FT LIXUS;FPCT;100;;2025-12-23;2032-12-23;1;In fine;0
009759;MA0000097594;OBL ADI 23122025 3 62 7 Ans;ADI;Obligation;100;0.0362;2025-12-23;2032-12-23;1;Amortissement constant;160
009568;MA0000095689;Obl SUb BCP 28122022 5 12 TR;BCP E;Oblig. subordonnee;100000;0.0512;2022-12-28;2032-12-28;1;In fine;0
009569;MA0000095697;Obl SUb VIVALIS 28122022 6 22 TR;VIVALIS SALAF;Oblig. subordonnee;100000;0.0622;2022-12-28;2032-12-28;1;In fine;0
009570;MA0000095705;Obl SUB PERP CDG K 29122022 5 32;CDG K E;Oblig. subordonnee;100000;0.0532;2022-12-29;2032-12-29;1;In fine;0
005011;MA0000050114;FPCT CREDLOGIII R;MGT III;FPCT;1000888.46;;2008-12-22;2033-03-14;1;In fine;0
009576;MA0000095762;Obl SUB AL BARID BANK 17032023 5 91;AL BARID BANK E;Oblig. subordonnee;100000;0.0591;2023-03-17;2033-03-17;1;In fine;0
005178;MA0000051781;Part Res FT LBV CPT I 270326 7 Ans;FT LBV CPT I;FPCT;40000;;2026-03-27;2033-03-27;1;In fine;0
005179;MA0000051799;FT LBV CPT I OBL A1 27032026 3 69;FT LBV CPT I;FPCT;100000;0.0369;2026-03-27;2033-03-27;1;In fine;0
005180;MA0000051807;FT LBV CPT I OBL A2 27032026 3 1;FT LBV CPT I;FPCT;100000;0.031;2026-03-27;2033-03-27;1;In fine;0
005122;MA0000051229;OBL FT HYPOTHECA 060821 2 70;FT HYPOTHECA;FPCT;100000;0.027;2021-08-06;2033-03-28;4;Amortissement constant;0
009194;MA0000091944;Obl ADM D du 030613 6 50 20 ans;ADM;Obligation;100000;0.065;2013-06-03;2033-06-03;1;In fine;0
005119;MA0000051195;OBL INVEST AL MOUDAF II 090721 1 88;FT SALAF INVEST;FPCT;100000;0.0188;2021-07-09;2033-06-24;4;Amortissement constant;0
005120;MA0000051203;OBL INVEST AL MOUDAF II 090721 2 95;FT SALAF INVEST;FPCT;100000;0.0295;2021-07-09;2033-06-24;4;Amortissement constant;0
009372;MA0000093726;Obl FEC A 19072018 3 84 a 15 ans;FEC;Obligation;100000;0.0384;2018-07-19;2033-07-19;1;Amortissement constant;0
009377;MA0000093775;Obl CFCA du 17092018 5  15 ans;CFC;Obligation;100000;0.05;2018-09-17;2033-09-17;1;Amortissement constant;0
009597;MA0000095978;Obl SUB RCI FINANCE 221223 4 77 TR;RCI;Oblig. subordonnee;100000;0.0477;2023-12-22;2033-12-22;1;In fine;0
005116;MA0000051161;OBL FT MIFTAH COMP III A1 2 63;COPMIFTFON III;FPCT;100000;0.0263;2021-06-11;2033-12-24;4;Amortissement constant;0
009606;MA0000096067;Obl SUb BCP 29122023 3 47 TR 10 ans;BCP E;Oblig. subordonnee;100000;0.0347;2023-12-29;2033-12-29;1;Amortissement constant;0
009207;MA0000092074;Obl ADM D du 100214 6 45 20 ans;ADM;Obligation;100000;0.0645;2014-02-10;2034-02-10;1;In fine;0
009208;MA0000092082;Obl ADM D du 100214 6 50 20 ans;ADM;Obligation;100000;0.065;2014-02-10;2034-02-10;1;In fine;0
009209;MA0000092090;Obl ADM D du 100214 6 55 20 ans;ADM;Obligation;100000;0.0655;2014-02-10;2034-02-10;1;In fine;0
009210;MA0000092108;Obl ADM D du 100214 6 58 20 ans;ADM;Obligation;100000;0.0658;2014-02-10;2034-02-10;1;In fine;0
005121;MA0000051211;OBL INVEST AL MOUDAF II 090721 R;FT SALAF INVEST;FPCT;50000;0;2021-07-09;2034-03-24;4;Amortissement constant;0
009395;MA0000093957;Obl ANP du 04062019 3 91 15 ans;ANP;Obligation;100000;0.0391;2019-06-04;2034-06-04;1;Amortissement constant;0
009614;MA0000096141;Obl CIH 090624 4 44 10 ans;CIH E;Oblig. subordonnee;100000;0.0444;2024-06-07;2034-06-07;1;In fine;0
009615;MA0000096158;Obl CIH 07062024 3 75 10 ans;CIH E;Oblig. subordonnee;100000;0.0375;2024-06-07;2034-06-07;1;In fine;0
009616;MA0000096166;OBL RDS 10062024 5 25 10 ans;RDS;Obligation;100000;0.0525;2024-06-10;2034-06-10;1;Amortissement constant;0
009619;MA0000096190;OBL BCP SUB 25062024 3 57 10 ans;BCP E;Obligation;100000;0.0357;2024-06-25;2034-06-25;1;Amortissement constant;0
009621;MA0000096216;ObL AL OMRANE B 260624 4 36 10 ans;AL OMRANE;Obligation;100000;0.0436;2024-06-26;2034-06-26;1;Amortissement constant;0
009622;MA0000096224;ObL AL OMRANE C 260624 4 75 10 ans;AL OMRANE;Obligation;100000;0.0475;2024-06-26;2034-06-26;1;Amortissement constant;0
009402;MA0000094021;Obl FEC A du 120719 3 49 15 ans;FEC;Obligation;100000;0.0349;2019-07-12;2034-07-12;1;Amortissement constant;0
009403;MA0000094039;Obl FEC B du 120719 2 97 15 ans;FEC;Obligation;100000;0.0297;2019-07-12;2034-07-12;1;Amortissement constant;0
009557;MA0000095572;Obl CFCA du 17092018 5  16 ans;CFC;Obligation;100000;0.05;2022-09-20;2034-09-17;1;Amortissement constant;0
009636;MA0000096364;Obl SUB BMCI TR B 24092024 3 45;BMCI;Oblig. subordonnee;100000;0.0345;2024-09-24;2034-09-24;1;In fine;0
009637;MA0000096372;Obl SUB BMCI TR A 240924 4 16;BMCI;Oblig. subordonnee;100000;0.0416;2024-09-24;2034-09-24;1;In fine;0
009638;MA0000096380;Obl Al omrane 12112024 3 90 10 ans;AL OMRANE;Obligation;100000;0.039;2024-11-12;2034-11-12;1;Amortissement constant;0
009643;MA0000096430;Obl OCP TR A 16122024 3 06 10 ans;OCP SA;Obligation;100000;0.0306;2024-12-16;2034-12-16;1;In fine;0
009644;MA0000096448;OBL OCP TR B 161224 3 76 10 ans;OCP SA;Obligation;100000;0.0376;2024-12-16;2034-12-16;1;In fine;0
009650;MA0000096505;OBL MADAEF TR C 241222024 4 06;MADAEF;Obligation;100000;0.0406;2024-12-24;2034-12-24;1;Amortissement constant;0
009664;MA0000096646;Obl SUB CAM TR A 31122024 3 68;CAM E;Oblig. subordonnee;100000;0.0368;2024-12-31;2034-12-31;1;In fine;0
009665;MA0000096653;Obl CAM TR B 31122024 4 37 10 ans;CAM E;Oblig. subordonnee;100000;0.0437;2024-12-31;2034-12-31;1;In fine;0
009308;MA0000093080;OBL MASEN GREEN BONDS 160117 3 34;MASEN;Obligation;100;0.0334;2017-01-16;2035-01-15;1;In fine;70
009667;MA0000096679;Obl MAGHREB OXYGENE 230125 4 10;MAGHREB OXYGENE;Obligation;100000;0.041;2025-01-23;2035-01-23;1;In fine;0
009679;MA0000096794;OBL AL OMRANE TR B 090425 3 56;AL OMRANE;Obligation;100000;0.0356;2025-04-09;2035-04-09;1;Amortissement constant;0
009680;MA0000096802;OBL AL OMRANE TR C 090425 4 02;AL OMRANE;Obligation;100000;0.0402;2025-04-09;2035-04-09;1;Amortissement constant;0
002185;MA0000021859;Obl SUB OCP B 140518 4 03 TR;OCP SA;Oblig. subordonnee;100000;0.0403;2018-05-14;2035-05-14;1;In fine;0
009361;MA0000093619;Obl SUB OCP A 140518 4 03 TR;OCP SA;Oblig. subordonnee;100000;0.0403;2018-05-14;2035-05-14;1;In fine;0
009362;MA0000093627;Obl SUB OCP C 140518 3 00 TR;OCP SA;Oblig. subordonnee;100000;0.03;2018-05-14;2035-05-14;1;In fine;0
009363;MA0000093635;Obl SUB OCP D 140518 4 72 TR;OCP SA;Oblig. subordonnee;100000;0.0472;2018-05-14;2035-05-14;1;In fine;0
009364;MA0000093643;Obl SUB OCP E 140518 5 08 TR;OCP SA;Oblig. subordonnee;100000;0.0508;2018-05-14;2035-05-14;1;In fine;0
009453;MA0000094534;Obl ONDA du 09062020 3 91 15 ans;ONDA;Obligation;100000;0.0391;2020-06-09;2035-06-09;1;Amortissement constant;0
009253;MA0000092538;Obl ADM D du 100615 4 80;ADM;Obligation;100000;0.048;2015-06-10;2035-06-10;1;In fine;0
009695;MA0000096950;OBL ONEE TR C 23062025 3 62 10 ans;ONEE;Obligation;100000;0.0362;2025-06-23;2035-06-23;1;Amortissement constant;0
009696;MA0000096968;OBL ONEE TR D 23062025 3 20 10 ans;ONEE;Obligation;100000;0.032;2025-06-23;2035-06-23;1;Amortissement constant;0
009691;MA0000096919;Obl SUB CFG BANK 240625 3 42 10 ans;CFG BANK;Oblig. subordonnee;100000;0.0342;2025-06-24;2035-06-24;1;In fine;0
009698;MA0000096984;OBL CDG CAPITAL 260625 3 26 10 ans;CDG K E;Oblig. subordonnee;100000;0.0326;2025-06-26;2035-06-26;1;Amortissement constant;0
009266;MA0000092660;ObL ONCF B 280715 5 34 20 ans;ONCF;Obligation;100000;0.0534;2015-07-28;2035-07-28;1;In fine;0
009724;MA0000097248;OBL ADM 31072025 3 42 10 ans;ADM;Obligation;100000;0.0342;2025-07-31;2035-07-31;1;Amortissement constant;0
009725;MA0000097255;OBL ADM 31072025 3 00 10 ans;ADM;Obligation;100000;0.03;2025-07-31;2035-07-31;1;Amortissement constant;0
009728;MA0000097289;OBL Univ Moh VI poly TR C 190825;Univ Mohammed VI;Obligation;100000;0.0333;2025-08-19;2035-08-19;1;In fine;0
009729;MA0000097297;OBL HOLMARCOM FIN TR A 161025 3 59;HOLMARCOM FIN CO;Obligation;100000;0.0359;2025-10-16;2035-10-16;1;Amortissement constant;0
009730;MA0000097305;OBL HOLMARCOM FIN TR B 161025 3 19;HOLMARCOM FIN CO;Obligation;100000;0.0319;2025-10-16;2035-10-16;1;Amortissement constant;0
009735;MA0000097354;OBL SUB CDM TR A 271025 3 55 10 ans;CDM;Oblig. subordonnee;100000;0.0355;2025-10-27;2035-10-27;1;In fine;0
009733;MA0000097339;OBL ONE TR D 28102025 3 24 10 ans;ONEE;Obligation;100000;0.0324;2025-10-28;2035-10-28;1;Amortissement constant;0
009734;MA0000097347;OBL ONE TR C 28102025 3 68 10 ans;ONEE;Obligation;100000;0.0368;2025-10-28;2035-10-28;1;Amortissement constant;0
005113;MA0000051138;OBL FT WATER 09122020 2 94;FT WATER;FPCT;100000;0.0294;2020-12-09;2035-11-09;1;Amortissement constant;0
005114;MA0000051146;OBL FT WATER R 09122020;FT WATER;FPCT;10000;0.001;2020-12-09;2035-11-09;1;In fine;0
009746;MA0000097461;OBL CIH TR A 28112025 3 56 10 ans;CIH E;Oblig. subordonnee;100000;0.0356;2025-11-28;2035-11-28;1;In fine;0
009747;MA0000097479;OBL CIH TR B 28112025 2 78 10 ANS;CIH E;Oblig. subordonnee;100000;0.0278;2025-11-28;2035-11-28;1;In fine;0
009754;MA0000097545;OBL SUB RCI FIN MAR 121225 3 84;RCI;Oblig. subordonnee;100000;0.0384;2025-12-12;2035-12-12;1;In fine;0
009750;MA0000097503;OBL OCP NUTRICROPS TR B 151225 2 56;OCP NUTRICROPS;Obligation;100000;0.0256;2025-12-15;2035-12-15;1;In fine;0
009751;MA0000097511;OBL OCP NUTRICROPS TR C 151225 3 3;OCP NUTRICROPS;Obligation;100000;0.033;2025-12-15;2035-12-15;1;In fine;0
005061;MA0000050619;Obl FT MIFTAH A2 151117 4 03;ATT TITRI MFT;FPCT;100000;0.0403;2017-11-15;2035-12-24;4;Amortissement constant;0
005062;MA0000050627;FT MIFTAH 151117 Residuelle;ATT TITRI MFT;FPCT;100000;;2017-11-15;2035-12-24;1;In fine;0
005107;MA0000051070;Obl FT MIFTAH COMP II A2;COMPMIFT FON II;FPCT;100000;0.0351;2019-12-09;2035-12-24;4;Amortissement constant;0
009567;MA0000095671;OBL SUB PERP BOA 261222 5 09 TR;BOA;Oblig. subordonnee;100000;0.0509;2022-12-26;2035-12-26;1;In fine;0
009760;MA0000097602;OBL SUB CFG BANK 29122025 3 69;CFG BANK;Oblig. subordonnee;100000;0.0369;2025-12-29;2035-12-29;1;In fine;0
009761;MA0000097610;OBL CMR LSTONE SPI RFA 301225 2 91;CMR LSTONE;Obligation;100000;0.0291;2025-12-30;2035-12-30;1;In fine;0
009765;MA0000097651;OBL SUB CDG E TR A 200126 3 35;CDG E;Oblig. subordonnee;100000;0.0335;2026-01-20;2036-01-20;1;In fine;0
005125;MA0000051252;Obl FT HYPOTHECA Part Residuelle;FT HYPOTHECA;FPCT;100000;0.001;2021-08-06;2036-03-26;1;Amortissement constant;0
009487;MA0000094872;Obl FEC 181220 2 25 15 ans 104 j;FEC;Obligation;100000;0.0225;2020-12-18;2036-03-31;1;Amortissement constant;0
009768;MA0000097685;OBL Region Casa 150426 4 37 10 Ans;Region de Casa;Obligation;100000;0.0437;2026-04-15;2036-04-15;1;Amortissement constant;0
009518;MA0000095184;Obl ANP du 13102021 3 15 15 ans;ANP;Obligation;100000;0.0315;2021-10-13;2036-10-13;1;Amortissement constant;0
009306;MA0000093064;Obl SUB ATW A TR du 23122016 5 73;ATW E;Oblig. subordonnee;100000;0.0573;2016-12-23;2036-12-23;1;In fine;0
009307;MA0000093072;Obl SUB ATW B TR du 23122016 3 96;ATW E;Oblig. subordonnee;100000;0.0396;2016-12-23;2036-12-23;1;In fine;0
005151;MA0000051518;OBL A1 FT SALAF INVEST COMPART III;SALAF INVEST;FPCT;100000;0.0345;2024-10-10;2036-12-24;4;Amortissement constant;0
005152;MA0000051526;OBL S FT SALAF INVEST COMPART III;SALAF INVEST;FPCT;100000;0.0396;2024-10-10;2036-12-24;4;Amortissement constant;0
009532;MA0000095325;ObL FEC 12012022 2 20 15 ans;FEC;Obligation;100000;0.022;2022-01-12;2037-01-12;1;Amortissement constant;0
009534;MA0000095341;OBL TMSA du 150322 a 3 70 15 ans;TMSA;Obligation;100000;0.037;2022-03-15;2037-03-15;1;In fine;0
009312;MA0000093122;Obl TM2 SA 230317 4 35;TANGER MED  SA;Obligation;100000;0.0435;2017-03-23;2037-03-23;1;In fine;0
009313;MA0000093130;Obl TM2 SA 230317 4 39;TANGER MED  SA;Obligation;100000;0.0439;2017-03-23;2037-03-23;1;In fine;0
009314;MA0000093148;Obl TM2 SA 230317 4 42;TANGER MED  SA;Obligation;100000;0.0442;2017-03-23;2037-03-23;1;In fine;0
009550;MA0000095507;OBL GREEN BONDS ONCF 290722 3 44 15;ONCF;Obligation;100000;0.0344;2022-07-29;2037-07-29;1;Amortissement constant;0
005117;MA0000051179;OBL FT MIFTAH COMP III A2 3 10;COPMIFTFON III;FPCT;100000;0.031;2021-06-11;2037-09-24;4;Amortissement constant;0
005153;MA0000051534;Part Residuelle FT SALAF COMPAR III;SALAF INVEST;FPCT;50000;;2024-10-10;2037-09-24;1;In fine;0
009745;MA0000097453;OBL PHOSBOUCRAA 201125 3 5 12 ans;PHOSPH BOUCRAA;Obligation;100000;0.035;2025-11-20;2037-11-20;1;Amortissement constant;0
005118;MA0000051187;FT MIFTAH 110621 VR;COPMIFTFON III;FPCT;100000;;2021-06-11;2037-12-24;1;In fine;0
009473;MA0000094732;Obl TAQA 070920 3 75 a 18 ans;TAQA MOROCCO;Obligation;100000;0.0275;2020-09-07;2038-03-31;2;Amortissement constant;0
005150;MA0000051500;OBL FT AUTO MOBILITY 250724 14 ans;AUTO MOBILITY;FPCT;5000;;2024-07-25;2038-06-20;1;In fine;0
005164;MA0000051641;Parts residuelles FT AUTO MOBILITY;AUTO MOBILITY;FPCT;5000;;2025-04-30;2038-06-20;1;In fine;0
005182;MA0000051823;Part Residuelle FT AUTO MOBILITY 31;AUTO MOBILITY;FPCT;5000;;2026-03-31;2038-07-20;1;In fine;0
005108;MA0000051088;Obl FT Obl FT MIFMIFTAH COMP II RES;COMPMIFT FON II;FPCT;100000;0.001;2019-12-09;2038-09-24;4;Amortissement constant;0
005156;MA0000051567;OBL A2 FT FLEXENERGY;FT FLEXENERGY;FPCT;100000;0.0407;2025-02-06;2039-01-03;1;Amortissement constant;0
005157;MA0000051575;Part Residuelle FT FLEXENERGY;FT FLEXENERGY;FPCT;10000;;2025-02-06;2039-01-03;1;In fine;0
005158;MA0000051583;OBL A2 FT NORD ENERGY;FT NORD ENERGY;FPCT;100000;0.0407;2025-02-06;2039-01-03;1;Amortissement constant;0
005159;MA0000051591;FT NORD ENERGY A1;FT NORD ENERGY;FPCT;10000;;2025-02-06;2039-01-03;1;In fine;0
009398;MA0000093981;Obl SUB ATW 280619 PERP 5 48;ATW E;Oblig. subordonnee;100000;0.0548;2019-06-28;2039-06-28;1;In fine;0
009399;MA0000093999;Obl SUB ATW 280619 PERP 4 60;ATW E;Oblig. subordonnee;100000;0.046;2019-06-28;2039-06-28;1;In fine;0
009634;MA0000096349;OBL NWM A 260724 5 05 15 ans;NADOR WEST MED;Obligation;100000;0.0505;2024-07-26;2039-07-26;1;In fine;0
009635;MA0000096356;OBL NWM B 260724 3 93 15 ans;NADOR WEST MED;Obligation;100000;0.0393;2024-07-26;2039-07-26;1;In fine;0
009412;MA0000094120;Obl ONCF B du 31102019 3 64 20 ans;ONCF;Obligation;100000;0.0364;2019-10-31;2039-10-31;1;Amortissement constant;0
009645;MA0000096455;OBL OCP TR C 161224 4 08 15 ans;OCP SA;Obligation;100000;0.0408;2024-12-16;2039-12-16;1;In fine;0
009427;MA0000094278;Obl MAR LEAS 271219 PERP 5 51;MA LEASING;Oblig. subordonnee;100000;0.0551;2019-12-27;2039-12-27;1;In fine;0
009428;MA0000094286;Obl SUB ATW 271219 PERP 5 23;ATW E;Oblig. subordonnee;100000;0.0523;2019-12-27;2039-12-27;1;In fine;0
009429;MA0000094294;Obl SUB ATW 271219 PERP 4 62;ATW E;Oblig. subordonnee;100000;0.0462;2019-12-27;2039-12-27;1;In fine;0
009669;MA0000096695;OBL ONCF TR A 10022025 2 95;ONCF;Obligation;100000;0.0295;2025-02-10;2040-02-10;1;Amortissement constant;0
009249;MA0000092496;Obl ADM C du 300315 4 89;ADM;Obligation;100000;0.0489;2015-03-30;2040-03-30;1;In fine;0
009687;MA0000096877;OBL NADOR WEST MED TR A 050625 4 44;NADOR WEST MED;Obligation;100000;0.0444;2025-06-05;2040-06-05;1;In fine;0
009688;MA0000096885;OBL NADOR WEST MED TR B 050625 3 38;NADOR WEST MED;Obligation;100000;0.0338;2025-06-05;2040-06-05;1;In fine;0
009254;MA0000092546;Obl ADM E du 10062015 4 99;ADM;Obligation;100000;0.0499;2015-06-10;2040-06-10;1;In fine;0
009702;MA0000097024;OBL ONDA TR A 300625 2 83 15 ans;ONDA;Obligation;100000;0.0283;2025-06-30;2040-06-30;1;Amortissement constant;0
009703;MA0000097032;OBL ONDA TR B 300625 3 49 15 ans;ONDA;Obligation;100000;0.0349;2025-06-30;2040-06-30;1;Amortissement constant;0
009582;MA0000095820;OBL PERP CDM B 200723 5 45  TR;CDM;Oblig. subordonnee;100000;0.0545;2023-07-20;2040-07-20;1;In fine;0
009766;MA0000097669;OBL SUB CDG E TR B 20012026 2 75;CDG E;Oblig. subordonnee;100000;0.0275;2026-01-20;2041-01-20;1;In fine;0
009758;MA0000097586;OBL FEC TR B 191225 2 81 15 A 45 J;FEC;Obligation;100000;0.0281;2025-12-19;2041-02-02;1;Amortissement constant;0
009515;MA0000095150;OBL SUB BOA du 13092021 3 96;BOA;Oblig. subordonnee;100000;0.0396;2021-09-13;2041-09-13;1;In fine;0
009516;MA0000095168;OBL SUB BOA du 13092021 4 63;BOA;Oblig. subordonnee;100000;0.0463;2021-09-13;2041-09-13;1;In fine;0
009321;MA0000093213;Obl ADM B du 18052017 4 12 25 ans;ADM;Obligation;100000;0.0412;2017-05-18;2042-05-18;1;Amortissement constant;0
009322;MA0000093221;Obl ADM B du 18052017 4 10 25 ans;ADM;Obligation;100000;0.041;2017-05-18;2042-05-18;1;Amortissement constant;0
009545;MA0000095457;Obl SUB PERP CAM 20072022 4 31;CAM E;Oblig. subordonnee;100000;0.0431;2022-07-20;2042-07-20;1;In fine;0
005147;MA0000051476;OBL FT ATLAS 15122023 TR 20 ans;FT ATLAS Comp I;FPCT;100000;0.0001;2023-12-15;2044-01-15;4;Amortissement constant;0
009424;MA0000094245;Obl ANP du 16122019 4 16 25 ans;ANP;Obligation;100000;0.0416;2019-12-16;2044-12-16;1;Amortissement constant;0
009646;MA0000096463;OBL OCP TR D 161224 4 44 20 ans;OCP SA;Obligation;100000;0.0444;2024-12-16;2044-12-16;1;In fine;0
009752;MA0000097529;OBL OCP NUTRICROPS TR D 151225 4 01;OCP NUTRICROPS;Obligation;100000;0.0401;2025-12-15;2045-12-15;1;In fine;0
009319;MA0000093197;Obl ADM A du 18052017 4 67 30 ans;ADM;Obligation;100000;0.0467;2017-05-18;2047-05-18;1;Amortissement constant;0
009320;MA0000093205;Obl ADM A du 18052017 4 63 30 ans;ADM;Obligation;100000;0.0463;2017-05-18;2047-05-18;1;Amortissement constant;0
009329;MA0000093296;Ob BMCE A 230617;BOA;Oblig. subordonnee;100000;0.0705;2017-06-23;2047-06-23;1;In fine;0
009330;MA0000093304;Ob BMCE B 230617;BOA;Oblig. subordonnee;100000;0.0552;2017-06-23;2047-06-23;1;In fine;0
009342;MA0000093429;Obl ADM A du 24102017 4 90 30 ans;ADM;Obligation;100000;0.049;2017-10-24;2047-10-24;1;Amortissement constant;0
009359;MA0000093593;OBL SUB MAROC LEASING 291217 5 88;MA LEASING;Oblig. subordonnee;100000;0.0588;2017-12-29;2047-12-29;1;In fine;0
009368;MA0000093684;Obl ONCF du 14062018 4 50 30 ans;ONCF;Obligation;100000;0.045;2018-06-14;2048-06-14;1;Amortissement constant;0
002123;MA0000021230;"Ob BMCE ""A"" 151008";BOA;Oblig. subordonnee;100000;0.0595;2008-10-15;2048-10-15;1;In fine;0
002124;MA0000021248;Ob BMCE B 151008;BOA;Oblig. subordonnee;100000;0.0496;2008-10-15;2048-10-15;1;In fine;0
002193;MA0000021933;OBL BOA  A du 151008 a  6 95 PERP;BOA;Oblig. subordonnee;100000;0.0695;2008-10-15;2048-10-15;1;In fine;0
002194;MA0000021941;OBL BOA B 151008 4 31 PERP;BOA;Oblig. subordonnee;100000;0.0431;2008-10-15;2048-10-15;1;In fine;0
009069;MA0000090698;"Ob BMCE ""C"" 151008";BOA;Oblig. subordonnee;100000;0.0595;2008-10-15;2048-10-15;1;In fine;0
009070;MA0000090706;"Ob BMCE ""D"" 151008";BOA;Oblig. subordonnee;100000;0.0496;2008-10-15;2048-10-15;1;In fine;0
009394;MA0000093940;Obl ADM 290419 4 33 a 30 ans;ADM;Obligation;100000;0.0433;2019-04-29;2049-04-29;1;Amortissement constant;0
009410;MA0000094104;Obl ONCF A du 31102019 4 22 30 ans;ONCF;Obligation;100000;0.0422;2019-10-31;2049-10-31;1;Amortissement constant;0
009411;MA0000094112;Obl ONCF A du 31102019 4 02 30 ans;ONCF;Obligation;100000;0.0402;2019-10-31;2049-10-31;1;Amortissement constant;0
009436;MA0000094369;Obl ADM 250220 3 83 a 30 ans;ADM;Obligation;100000;0.0383;2020-02-25;2050-02-25;1;Amortissement constant;0
009437;MA0000094377;Obl ADM 250220 3 87 a 30 ans;ADM;Obligation;100000;0.0387;2020-02-25;2050-02-25;1;Amortissement constant;0
009438;MA0000094385;Obl ADM 250220 3 88 a 30 ans;ADM;Obligation;100000;0.0388;2020-02-25;2050-02-25;1;Amortissement constant;0
009439;MA0000094393;Obl ADM 250220 3 93 a 30 ans;ADM;Obligation;100000;0.0393;2020-02-25;2050-02-25;1;Amortissement constant;0
009440;MA0000094401;Obl ADM 250220 3 98 a 30 ans;ADM;Obligation;100000;0.0398;2020-02-25;2050-02-25;1;Amortissement constant;0
005160;MA0000051609;OBL A1 FT JORF INDUSTRIAL WATER DES;JIWD;FPCT;100000;0.0449;2025-04-18;2050-04-18;1;Amortissement constant;0
005161;MA0000051617;OBL A2 FT JORF INDUSTRIAL WATER DES;JIWD;FPCT;100000;0.0333;2025-04-18;2050-04-18;1;Amortissement constant;0
005162;MA0000051625;FT JORF INDUSTRIAL WATER DESALINATI;JIWD;FPCT;100000;;2025-04-18;2050-04-18;1;In fine;0
009697;MA0000096976;OBL SUB PERP SOFAC 24062025 5 10;SOFAC CREDIT;Oblig. subordonnee;100000;0.051;2025-06-24;2050-06-24;1;In fine;0
009454;MA0000094542;Obl SUB ATW A 25062020 5 31 PERP;ATW E;Oblig. subordonnee;100000;0.0531;2020-06-25;2050-06-25;1;In fine;0
009455;MA0000094559;Obl SUB ATW B 25062020 4 48 PERP;ATW E;Oblig. subordonnee;100000;0.0448;2020-06-25;2050-06-25;1;In fine;0
009699;MA0000096992;OBL SUB PERP BOA 160625 4 22;BOA;Oblig. subordonnee;100000;0.0422;2025-06-26;2050-06-26;1;In fine;0
009700;MA0000097008;OBL SUB PERP BOA 160625 4 62;BOA;Oblig. subordonnee;100000;0.0462;2025-06-26;2050-06-26;1;In fine;0
009581;MA0000095812;OBL SUB PERP BOA A 270623 5 54 TR;BOA;Oblig. subordonnee;100000;0.0554;2023-06-27;2050-06-27;1;In fine;0
009542;MA0000095424;Obl SUB PERP ATW B 30062022 3 82;ATW E;Oblig. subordonnee;100000;0.0382;2022-06-30;2050-06-30;1;In fine;0
009543;MA0000095432;Obl SUB PERP ATW A 30062022 4 75;ATW E;Oblig. subordonnee;100000;0.0475;2022-06-30;2050-06-30;1;In fine;0
009701;MA0000097016;OBL SUB PERP CAM 300625 4 48;CAM E;Oblig. subordonnee;100000;0.0448;2025-06-30;2050-06-30;1;In fine;0
009709;MA0000097099;OBL SUB PERP Vivalis 300625 5 33;VIVALIS SALAF;Oblig. subordonnee;100000;0.0533;2025-06-30;2050-06-30;1;In fine;0
009549;MA0000095499;Obl SUB CIH 28072022 3 95;CIH E;Oblig. subordonnee;100000;0.0395;2022-07-28;2050-07-28;1;In fine;0
009465;MA0000094658;Obl ADM A 03082020 3 60 a 30 ans;ADM;Obligation;100000;0.036;2020-08-03;2050-08-03;1;Amortissement constant;0
009466;MA0000094666;Obl ADM A 03082020 3 46 a 30 ans;ADM;Obligation;100000;0.0346;2020-08-03;2050-08-03;1;Amortissement constant;0
009467;MA0000094674;Obl ADM A 03082020 3 61 a 30 ans;ADM;Obligation;100000;0.0361;2020-08-03;2050-08-03;1;Amortissement constant;0
009591;MA0000095911;OBL SUB BOA A 081223 5 90 PERP;BOA;Oblig. subordonnee;100000;0.059;2023-12-08;2050-12-08;1;In fine;0
009592;MA0000095929;OBL SUB BOA B 081223 5 29 PERP;BOA;Oblig. subordonnee;100000;0.0529;2023-12-08;2050-12-08;1;In fine;0
009484;MA0000094849;Obl SUB CAM 141220 5 44 PERP;CAM E;Oblig. subordonnee;100000;0.0544;2020-12-14;2050-12-14;1;In fine;0
009485;MA0000094856;Obl SUB CAM 141220 4 70 PERP;CAM E;Oblig. subordonnee;100000;0.047;2020-12-14;2050-12-14;1;In fine;0
009486;MA0000094864;Obl ONCF 161220 3 81 30 ans;ONCF;Obligation;100000;0.0381;2020-12-16;2050-12-16;1;Amortissement constant;0
002179;MA0000021792;Ob SUB B OCP 231216 4 07 TR;OCP SA;Oblig. subordonnee;100000;0.0407;2016-12-23;2050-12-23;1;In fine;0
002196;MA0000021966;Obl SUB CFG BANK 23122021 4 69;CFG BANK;Oblig. subordonnee;100000;0.0469;2021-12-23;2050-12-23;1;In fine;0
009301;MA0000093015;Ob SUB A OCP 231216 4 07 TR;OCP SA;Oblig. subordonnee;100000;0.0407;2016-12-23;2050-12-23;1;In fine;0
009302;MA0000093023;Ob SUB C OCP 231216 3 28 TR;OCP SA;Oblig. subordonnee;100000;0.0328;2016-12-23;2050-12-23;1;In fine;0
009303;MA0000093031;Ob SUB E OCP 231216 3 67 TR;OCP SA;Oblig. subordonnee;100000;0.0367;2016-12-23;2050-12-23;1;In fine;0
009488;MA0000094880;Obl SUB ATW B 25122020 4 12 PERP;ATW E;Oblig. subordonnee;100000;0.0412;2020-12-25;2050-12-25;1;In fine;0
009389;MA0000093890;Obl SUB ATW A 271218 5 98;ATW E;Oblig. subordonnee;100000;0.0598;2018-12-27;2050-12-27;1;In fine;0
009390;MA0000093908;Obl SUB ATW B 271218 4 79;ATW E;Oblig. subordonnee;100000;4.79;2018-12-27;2050-12-27;1;In fine;0
009391;MA0000093916;Obl SUB CIH 281218 6 23;CIH E;Oblig. subordonnee;100000;0.0623;2018-12-28;2050-12-28;1;In fine;0
009392;MA0000093924;Obl SUB CIH 281218 5 10;CIH E;Oblig. subordonnee;100000;0.051;2018-12-28;2050-12-28;1;In fine;0
009571;MA0000095713;Obl SUB ATW B 30122022 5 17 TR;ATW E;Oblig. subordonnee;100000;0.0517;2022-12-30;2050-12-30;1;In fine;0
009660;MA0000096604;OBL SUB PERP BCP TR A 30122024 4 54;BCP E;Oblig. subordonnee;100000;0.0454;2024-12-30;2050-12-30;1;In fine;0
009500;MA0000095002;Obl ONCF 03052021 3 59 30 ans;ONCF;Obligation;100000;0.0359;2021-05-03;2051-05-03;1;Amortissement constant;0
009551;MA0000095515;Obl GREEN BONDS ONCF 290722 4 11 30;ONCF;Obligation;100000;0.0411;2022-07-29;2052-07-29;1;Amortissement constant;0
009552;MA0000095523;Obl GREEN BONDS ONCF 290722 2 37 30;ONCF;Obligation;100000;0.0237;2022-07-29;2052-07-29;1;Amortissement constant;0
009559;MA0000095598;Obl SUB CFG BANK 241022 5 02;CFG BANK;Oblig. subordonnee;100000;0.0502;2022-10-24;2052-10-24;1;In fine;0
009560;MA0000095606;Obl SUB CFG BANK 241022 5 65;CFG BANK;Oblig. subordonnee;100000;0.0565;2022-10-24;2052-10-24;1;In fine;0
009572;MA0000095721;Obl SUB BMCI C 17022023 6 01;BMCI;Oblig. subordonnee;100000;0.0601;2023-02-17;2053-02-17;1;In fine;0
009590;MA0000095903;Obl SUB PERP VIVALIS 231123 6 32 TR;VIVALIS SALAF;Oblig. subordonnee;100000;0.0632;2023-11-23;2053-11-23;1;In fine;0
009593;MA0000095937;Obl SUB PERP OCP A 141223 3 70 TR;OCP SA;Oblig. subordonnee;100000;0.037;2023-12-14;2053-12-14;1;In fine;0
009594;MA0000095945;Obl SUB PERP OCP B 141223 4 77 TR;OCP SA;Oblig. subordonnee;100000;0.0477;2023-12-14;2053-12-14;1;In fine;0
009595;MA0000095952;Obl SUB PERP OCP C 141223 5 49 TR;OCP SA;Oblig. subordonnee;100000;0.0549;2023-12-14;2053-12-14;1;In fine;0
009596;MA0000095960;Obl SUB PERP OCP D 141223 5 94 TR;OCP SA;Oblig. subordonnee;100000;0.0594;2023-12-14;2053-12-14;1;In fine;0
009602;MA0000096026;Obl SUB PERP ATW 28122023 5 13 TR;ATW E;Oblig. subordonnee;100000;0.0513;2023-12-28;2053-12-28;1;In fine;0
009603;MA0000096034;Obl SUB PERP ATW 28122023 6 28 TR;ATW E;Oblig. subordonnee;100000;0.0628;2023-12-28;2053-12-28;1;In fine;0
009605;MA0000096059;Obl SUb PERP BCP 29122023 5 07;BCP E;Oblig. subordonnee;100000;0.0507;2023-12-29;2053-12-29;1;In fine;0
009617;MA0000096174;OBL SUB PERP BOA 24062024 5 37 TR;BOA;Oblig. subordonnee;100000;0.0537;2024-06-24;2054-06-24;1;In fine;0
009618;MA0000096182;OBL SUB PERP BOA 24062024 5 74 TR;BOA;Oblig. subordonnee;100000;0.0574;2024-06-24;2054-06-24;1;In fine;0
009647;MA0000096471;OBL OCP TR E 161224 5 09 30 ans;OCP SA;Obligation;100000;0.0509;2024-12-16;2054-12-16;1;In fine;0
009670;MA0000096703;OBL ONCF TR D 10022025 4 47;ONCF;Obligation;100000;0.0447;2025-02-10;2055-02-10;1;Amortissement constant;0
009625;MA0000096257;OBL BCP SUB PERP 27062024 5 16;BCP E;Oblig. subordonnee;100000;0.0516;2024-06-27;2055-06-27;1;In fine;0
009639;MA0000096398;Obl Sub TR B CDM Perp 061224 4 78;CDM;Oblig. subordonnee;100000;0.0478;2024-12-06;2055-12-13;1;In fine;0
009753;MA0000097537;OBL OCP NUTRICROPS TR E 151225 4 57;OCP NUTRICROPS;Obligation;100000;0.0457;2025-12-15;2055-12-15;1;In fine;0
009762;MA0000097628;OBL SUB PERP CAM E 30122025 4 45;CAM E;Oblig. subordonnee;100000;0.0445;2025-12-30;2055-12-30;1;In fine;0
009767;MA0000097677;OBL ONCF 05032026 4 37 30 Ans;ONCF;Obligation;100000;0.0437;2026-03-05;2056-03-05;1;Amortissement constant;0
009763;MA0000097636;OBL SUB BOA 30122025 4 44;BOA;Oblig. subordonnee;100000;0.0444;2025-12-30;2056-12-30;1;In fine;0
009764;MA0000097644;OBL BCP SUB PERPETELLE 311225 4 31;BCP E;Obligation;100000;0.0431;2025-12-31;2056-12-31;1;In fine;0
009566;MA0000095663;OBL SUB PERP ABB 121222 5 41 TR;AL BARID BANK E;Oblig. subordonnee;100000;0.0541;2022-12-09;2060-12-12;1;In fine;0
009524;MA0000095242;Obl SUB CFG 23122021 4 69;CFG BANK;Oblig. subordonnee;100000;0.0469;2021-12-23;2060-12-23;1;In fine;0
009525;MA0000095259;Obl SUB CFG 23122021 4 17;CFG BANK;Oblig. subordonnee;100000;0.0417;2021-12-23;2060-12-23;1;In fine;0
009529;MA0000095291;Obl SUB ATW A TR 28122021 4 58;ATW E;Oblig. subordonnee;100000;0.0458;2021-12-28;2060-12-28;1;In fine;0
201946;MA0002019460;BDT 18052026 2 21 26 semaines;TRESOR;BDT;100000;0.0221;2026-05-18;2026-11-16;1;In fine;0
201953;MA0002019536;BDT 20072026 2 16 26 semaines;TRESOR;BDT;100000;0.0216;2026-07-20;2027-01-18;1;In fine;0
201958;MA0002019585;BDT 17082026 2 16 26 semaines;TRESOR;BDT;100000;0.0216;2026-08-17;2027-02-15;1;In fine;0
201959;MA0002019593;BDT 31082026 2 16 26 semaines;TRESOR;BDT;100000;0.0216;2026-08-31;2027-03-01;1;In fine;0
201945;MA0002019452;BDT 11102025 2 35 2 ans;TRESOR;BDT;100000;0.0235;2025-10-11;2027-10-11;1;In fine;0
201944;MA0002019445;BDT 13112025 2 45 3 ans;TRESOR;BDT;100000;0.0245;2025-11-13;2028-11-13;1;In fine;0
201949;MA0002019494;BDT 19042026 2 80 6 ans;TRESOR;BDT;100000;0.028;2026-04-19;2032-04-19;1;In fine;0
